question_type,question,answer,player_id,player_name,club_id,club_name,league_id,league_name,reasoning_path
pattern_e_team_league,Which league does the team of ali osman renklibay play in?,bölgesel amatör lig,Q2484717,ali osman renklibay,Q1057881,Ceyhanspor,Q7855307,bölgesel amatör lig,ali osman renklibay --[member of sports team]--> Ceyhanspor --[league]--> bölgesel amatör lig
pattern_e_team_league,Which league does the team of i̇brahim halil yaşar play in?,TFF Third League,Q3612815,i̇brahim halil yaşar,Q11183744,Kirikhanspor,Q1470401,TFF Third League,i̇brahim halil yaşar --[member of sports team]--> Kirikhanspor --[league]--> TFF Third League
pattern_e_team_league,Which league does the team of Güven Gürsoy play in?,TFF Third League,Q5627174,Güven Gürsoy,Q11183744,Kirikhanspor,Q1470401,TFF Third League,Güven Gürsoy --[member of sports team]--> Kirikhanspor --[league]--> TFF Third League
pattern_e_team_league,Which league does the team of Bulut Basmaz play in?,turkish super league,Q1004726,Bulut Basmaz,Q1127498,sanica boru elâzığspor,Q485568,turkish super league,Bulut Basmaz --[member of sports team]--> sanica boru elâzığspor --[league]--> turkish super league
pattern_e_team_league,Which league does the team of i̇lker erbay play in?,turkish super league,Q10434601,i̇lker erbay,Q1127498,sanica boru elâzığspor,Q485568,turkish super league,i̇lker erbay --[member of sports team]--> sanica boru elâzığspor --[league]--> turkish super league
pattern_e_team_league,Which league does the team of Yunus Altun play in?,turkish super league,Q10507034,Yunus Altun,Q1127498,sanica boru elâzığspor,Q485568,turkish super league,Yunus Altun --[member of sports team]--> sanica boru elâzığspor --[league]--> turkish super league
pattern_e_team_league,Which league does the team of deniz aslan play in?,turkish super league,Q1187832,deniz aslan,Q1127498,sanica boru elâzığspor,Q485568,turkish super league,deniz aslan --[member of sports team]--> sanica boru elâzığspor --[league]--> turkish super league
pattern_e_team_league,Which league does the team of Murat Kayalı play in?,turkish super league,Q1230804,Murat Kayalı,Q1127498,sanica boru elâzığspor,Q485568,turkish super league,Murat Kayalı --[member of sports team]--> sanica boru elâzığspor --[league]--> turkish super league
pattern_e_team_league,Which league does the team of gokhan emreciksin play in?,turkish super league,Q1253508,gokhan emreciksin,Q1127498,sanica boru elâzığspor,Q485568,turkish super league,gokhan emreciksin --[member of sports team]--> sanica boru elâzığspor --[league]--> turkish super league
pattern_e_team_league,Which league does the team of alper kalemci play in?,turkish super league,Q1268421,alper kalemci,Q1127498,sanica boru elâzığspor,Q485568,turkish super league,alper kalemci --[member of sports team]--> sanica boru elâzığspor --[league]--> turkish super league
pattern_e_team_league,Which league does the team of Murat Akyuez play in?,turkish super league,Q1290838,Murat Akyuez,Q1127498,sanica boru elâzığspor,Q485568,turkish super league,Murat Akyuez --[member of sports team]--> sanica boru elâzığspor --[league]--> turkish super league
pattern_e_team_league,Which league does the team of Erdinc Yavuz play in?,turkish super league,Q1349279,Erdinc Yavuz,Q1127498,sanica boru elâzığspor,Q485568,turkish super league,Erdinc Yavuz --[member of sports team]--> sanica boru elâzığspor --[league]--> turkish super league
pattern_e_team_league,Which league does the team of Eren Aydin play in?,turkish super league,Q1349995,Eren Aydin,Q1127498,sanica boru elâzığspor,Q485568,turkish super league,Eren Aydin --[member of sports team]--> sanica boru elâzığspor --[league]--> turkish super league
pattern_e_team_league,Which league does the team of Sinan Kaloglu play in?,turkish super league,Q1396846,Sinan Kaloglu,Q1127498,sanica boru elâzığspor,Q485568,turkish super league,Sinan Kaloglu --[member of sports team]--> sanica boru elâzığspor --[league]--> turkish super league
pattern_e_team_league,Which league does the team of goksu turkdogan play in?,turkish super league,Q1401074,goksu turkdogan,Q1127498,sanica boru elâzığspor,Q485568,turkish super league,goksu turkdogan --[member of sports team]--> sanica boru elâzığspor --[league]--> turkish super league
pattern_e_team_league,Which league does the team of Ferhat Odabaşı play in?,turkish super league,Q1406254,Ferhat Odabaşı,Q1127498,sanica boru elâzığspor,Q485568,turkish super league,Ferhat Odabaşı --[member of sports team]--> sanica boru elâzığspor --[league]--> turkish super league
pattern_e_team_league,Which league does the team of Yavuz Eraydin play in?,turkish super league,Q1419830,Yavuz Eraydin,Q1127498,sanica boru elâzığspor,Q485568,turkish super league,Yavuz Eraydin --[member of sports team]--> sanica boru elâzığspor --[league]--> turkish super league
pattern_e_team_league,Which league does the team of erol erdal alkan play in?,turkish super league,Q15651896,erol erdal alkan,Q1127498,sanica boru elâzığspor,Q485568,turkish super league,erol erdal alkan --[member of sports team]--> sanica boru elâzığspor --[league]--> turkish super league
pattern_e_team_league,Which league does the team of hasan hakan hacıbektaşoğlu play in?,turkish super league,Q1569824,hasan hakan hacıbektaşoğlu,Q1127498,sanica boru elâzığspor,Q485568,turkish super league,hasan hakan hacıbektaşoğlu --[member of sports team]--> sanica boru elâzığspor --[league]--> turkish super league
pattern_e_team_league,Which league does the team of hakan söyler play in?,turkish super league,Q1569840,hakan söyler,Q1127498,sanica boru elâzığspor,Q485568,turkish super league,hakan söyler --[member of sports team]--> sanica boru elâzığspor --[league]--> turkish super league
pattern_e_team_league,Which league does the team of halil akbunar play in?,turkish super league,Q1571109,halil akbunar,Q1127498,sanica boru elâzığspor,Q485568,turkish super league,halil akbunar --[member of sports team]--> sanica boru elâzığspor --[league]--> turkish super league
pattern_e_team_league,Which league does the team of çağlayan alpsatan play in?,turkish super league,Q15855969,çağlayan alpsatan,Q1127498,sanica boru elâzığspor,Q485568,turkish super league,çağlayan alpsatan --[member of sports team]--> sanica boru elâzığspor --[league]--> turkish super league
pattern_e_team_league,Which league does the team of muhammed ali doğan play in?,turkish super league,Q15879323,muhammed ali doğan,Q1127498,sanica boru elâzığspor,Q485568,turkish super league,muhammed ali doğan --[member of sports team]--> sanica boru elâzığspor --[league]--> turkish super league
pattern_e_team_league,Which league does the team of Veysel Aksu play in?,turkish super league,Q1622596,Veysel Aksu,Q1127498,sanica boru elâzığspor,Q485568,turkish super league,Veysel Aksu --[member of sports team]--> sanica boru elâzığspor --[league]--> turkish super league
pattern_e_team_league,Which league does the team of Muhammet Akyildiz play in?,turkish super league,Q16909049,Muhammet Akyildiz,Q1127498,sanica boru elâzığspor,Q485568,turkish super league,Muhammet Akyildiz --[member of sports team]--> sanica boru elâzığspor --[league]--> turkish super league
pattern_e_team_league,Which league does the team of kemal tokak play in?,turkish super league,Q1699998,kemal tokak,Q1127498,sanica boru elâzığspor,Q485568,turkish super league,kemal tokak --[member of sports team]--> sanica boru elâzığspor --[league]--> turkish super league
pattern_e_team_league,Which league does the team of Köksal Yedek play in?,turkish super league,Q1748946,Köksal Yedek,Q1127498,sanica boru elâzığspor,Q485568,turkish super league,Köksal Yedek --[member of sports team]--> sanica boru elâzığspor --[league]--> turkish super league
pattern_e_team_league,Which league does the team of çağlar şahin akbaba play in?,turkish super league,Q18030084,çağlar şahin akbaba,Q1127498,sanica boru elâzığspor,Q485568,turkish super league,çağlar şahin akbaba --[member of sports team]--> sanica boru elâzığspor --[league]--> turkish super league
pattern_e_team_league,"Which league does the team of Kilinc, David play in?",turkish super league,Q18411280,"Kilinc, David",Q1127498,sanica boru elâzığspor,Q485568,turkish super league,"Kilinc, David --[member of sports team]--> sanica boru elâzığspor --[league]--> turkish super league"
pattern_e_team_league,Which league does the team of Zeki Korkmaz play in?,turkish super league,Q187264,Zeki Korkmaz,Q1127498,sanica boru elâzığspor,Q485568,turkish super league,Zeki Korkmaz --[member of sports team]--> sanica boru elâzığspor --[league]--> turkish super league
pattern_e_team_league,Which league does the team of mehmet al play in?,turkish super league,Q1917306,mehmet al,Q1127498,sanica boru elâzığspor,Q485568,turkish super league,mehmet al --[member of sports team]--> sanica boru elâzığspor --[league]--> turkish super league
pattern_e_team_league,Which league does the team of Mehmet Turkmehmet play in?,turkish super league,Q1917362,Mehmet Turkmehmet,Q1127498,sanica boru elâzığspor,Q485568,turkish super league,Mehmet Turkmehmet --[member of sports team]--> sanica boru elâzığspor --[league]--> turkish super league
pattern_e_team_league,Which league does the team of sözgelmez play in?,turkish super league,Q1953556,sözgelmez,Q1127498,sanica boru elâzığspor,Q485568,turkish super league,sözgelmez --[member of sports team]--> sanica boru elâzığspor --[league]--> turkish super league
pattern_e_team_league,Which league does the team of miško mirkovic play in?,turkish super league,Q1985766,miško mirkovic,Q1127498,sanica boru elâzığspor,Q485568,turkish super league,miško mirkovic --[member of sports team]--> sanica boru elâzığspor --[league]--> turkish super league
pattern_e_team_league,Which league does the team of Kulbilge play in?,turkish super league,Q2000793,Kulbilge,Q1127498,sanica boru elâzığspor,Q485568,turkish super league,Kulbilge --[member of sports team]--> sanica boru elâzığspor --[league]--> turkish super league
pattern_e_team_league,Which league does the team of nurullah saglam play in?,turkish super league,Q2005435,nurullah saglam,Q1127498,sanica boru elâzığspor,Q485568,turkish super league,nurullah saglam --[member of sports team]--> sanica boru elâzığspor --[league]--> turkish super league
pattern_e_team_league,Which league does the team of oguzhan bahadir play in?,turkish super league,Q2043180,oguzhan bahadir,Q1127498,sanica boru elâzığspor,Q485568,turkish super league,oguzhan bahadir --[member of sports team]--> sanica boru elâzığspor --[league]--> turkish super league
pattern_e_team_league,Which league does the team of Richard Kingson play in?,turkish super league,Q217097,Richard Kingson,Q1127498,sanica boru elâzığspor,Q485568,turkish super league,Richard Kingson --[member of sports team]--> sanica boru elâzığspor --[league]--> turkish super league
pattern_e_team_league,Which league does the team of Bahadir Ozturk play in?,turkish super league,Q22342693,Bahadir Ozturk,Q1127498,sanica boru elâzığspor,Q485568,turkish super league,Bahadir Ozturk --[member of sports team]--> sanica boru elâzığspor --[league]--> turkish super league
pattern_e_team_league,"Which league does the team of ağçay, sedat play in?",turkish super league,Q2264245,"ağçay, sedat",Q1127498,sanica boru elâzığspor,Q485568,turkish super league,"ağçay, sedat --[member of sports team]--> sanica boru elâzığspor --[league]--> turkish super league"
pattern_e_team_league,Which league does the team of tolga özgen play in?,turkish super league,Q2439273,tolga özgen,Q1127498,sanica boru elâzığspor,Q485568,turkish super league,tolga özgen --[member of sports team]--> sanica boru elâzığspor --[league]--> turkish super league
pattern_e_team_league,Which league does the team of zulkuf ozer play in?,turkish super league,Q248064,zulkuf ozer,Q1127498,sanica boru elâzığspor,Q485568,turkish super league,zulkuf ozer --[member of sports team]--> sanica boru elâzığspor --[league]--> turkish super league
pattern_e_team_league,Which league does the team of Volkan Yilmaz play in?,turkish super league,Q2530816,Volkan Yilmaz,Q1127498,sanica boru elâzığspor,Q485568,turkish super league,Volkan Yilmaz --[member of sports team]--> sanica boru elâzığspor --[league]--> turkish super league
pattern_e_team_league,Which league does the team of Yusuf Kurtulus play in?,turkish super league,Q2541960,Yusuf Kurtulus,Q1127498,sanica boru elâzığspor,Q485568,turkish super league,Yusuf Kurtulus --[member of sports team]--> sanica boru elâzığspor --[league]--> turkish super league
pattern_e_team_league,Which league does the team of ali gutda gokdemir play in?,turkish super league,Q2619059,ali gutda gokdemir,Q1127498,sanica boru elâzığspor,Q485568,turkish super league,ali gutda gokdemir --[member of sports team]--> sanica boru elâzığspor --[league]--> turkish super league
pattern_e_team_league,Which league does the team of cağlar birinci play in?,turkish super league,Q272734,cağlar birinci,Q1127498,sanica boru elâzığspor,Q485568,turkish super league,cağlar birinci --[member of sports team]--> sanica boru elâzığspor --[league]--> turkish super league
pattern_e_team_league,Which league does the team of Mehmet Nas play in?,turkish super league,Q277944,Mehmet Nas,Q1127498,sanica boru elâzığspor,Q485568,turkish super league,Mehmet Nas --[member of sports team]--> sanica boru elâzığspor --[league]--> turkish super league
pattern_e_team_league,Which league does the team of sedat bayrak play in?,turkish super league,Q278065,sedat bayrak,Q1127498,sanica boru elâzığspor,Q485568,turkish super league,sedat bayrak --[member of sports team]--> sanica boru elâzığspor --[league]--> turkish super league
pattern_e_team_league,Which league does the team of Ersan Gueluem play in?,turkish super league,Q283737,Ersan Gueluem,Q1127498,sanica boru elâzığspor,Q485568,turkish super league,Ersan Gueluem --[member of sports team]--> sanica boru elâzığspor --[league]--> turkish super league
pattern_e_team_league,Which league does the team of Onder Cengel play in?,turkish super league,Q297605,Onder Cengel,Q1127498,sanica boru elâzığspor,Q485568,turkish super league,Onder Cengel --[member of sports team]--> sanica boru elâzığspor --[league]--> turkish super league
pattern_e_team_league,Which league does the team of Özgür Özkaya play in?,turkish super league,Q307856,Özgür Özkaya,Q1127498,sanica boru elâzığspor,Q485568,turkish super league,Özgür Özkaya --[member of sports team]--> sanica boru elâzığspor --[league]--> turkish super league
pattern_e_team_league,Which league does the team of murat tosun play in?,turkish super league,Q327428,murat tosun,Q1127498,sanica boru elâzığspor,Q485568,turkish super league,murat tosun --[member of sports team]--> sanica boru elâzığspor --[league]--> turkish super league
pattern_e_team_league,Which league does the team of Mehmet Boztepe play in?,turkish super league,Q327450,Mehmet Boztepe,Q1127498,sanica boru elâzığspor,Q485568,turkish super league,Mehmet Boztepe --[member of sports team]--> sanica boru elâzığspor --[league]--> turkish super league
pattern_e_team_league,Which league does the team of Aydin Karabulut play in?,turkish super league,Q327454,Aydin Karabulut,Q1127498,sanica boru elâzığspor,Q485568,turkish super league,Aydin Karabulut --[member of sports team]--> sanica boru elâzığspor --[league]--> turkish super league
pattern_e_team_league,Which league does the team of Umit Tutunci play in?,turkish super league,Q334864,Umit Tutunci,Q1127498,sanica boru elâzığspor,Q485568,turkish super league,Umit Tutunci --[member of sports team]--> sanica boru elâzığspor --[league]--> turkish super league
pattern_e_team_league,Which league does the team of ibrahim kas play in?,turkish super league,Q343331,ibrahim kas,Q1127498,sanica boru elâzığspor,Q485568,turkish super league,ibrahim kas --[member of sports team]--> sanica boru elâzığspor --[league]--> turkish super league
pattern_e_team_league,Which league does the team of İlker Avcıbay play in?,turkish super league,Q343801,İlker Avcıbay,Q1127498,sanica boru elâzığspor,Q485568,turkish super league,İlker Avcıbay --[member of sports team]--> sanica boru elâzığspor --[league]--> turkish super league
pattern_e_team_league,Which league does the team of Adem Alkasi play in?,turkish super league,Q355630,Adem Alkasi,Q1127498,sanica boru elâzığspor,Q485568,turkish super league,Adem Alkasi --[member of sports team]--> sanica boru elâzığspor --[league]--> turkish super league
pattern_e_team_league,Which league does the team of Ahmet Görkem Görk play in?,turkish super league,Q401848,Ahmet Görkem Görk,Q1127498,sanica boru elâzığspor,Q485568,turkish super league,Ahmet Görkem Görk --[member of sports team]--> sanica boru elâzığspor --[league]--> turkish super league
pattern_e_team_league,Which league does the team of Ahmet Şahin (footballer) play in?,turkish super league,Q402016,Ahmet Şahin (footballer),Q1127498,sanica boru elâzığspor,Q485568,turkish super league,Ahmet Şahin (footballer) --[member of sports team]--> sanica boru elâzığspor --[league]--> turkish super league
pattern_e_team_league,Which league does the team of mustafa sarp play in?,turkish super league,Q426881,mustafa sarp,Q1127498,sanica boru elâzığspor,Q485568,turkish super league,mustafa sarp --[member of sports team]--> sanica boru elâzığspor --[league]--> turkish super league
pattern_e_team_league,Which league does the team of rıdvan şimşek play in?,turkish super league,Q444822,rıdvan şimşek,Q1127498,sanica boru elâzığspor,Q485568,turkish super league,rıdvan şimşek --[member of sports team]--> sanica boru elâzığspor --[league]--> turkish super league
pattern_e_team_league,Which league does the team of Serdar Gürler play in?,turkish super league,Q472488,Serdar Gürler,Q1127498,sanica boru elâzığspor,Q485568,turkish super league,Serdar Gürler --[member of sports team]--> sanica boru elâzığspor --[league]--> turkish super league
pattern_e_team_league,Which league does the team of ali olmez play in?,turkish super league,Q4725333,ali olmez,Q1127498,sanica boru elâzığspor,Q485568,turkish super league,ali olmez --[member of sports team]--> sanica boru elâzığspor --[league]--> turkish super league
pattern_e_team_league,Which league does the team of sezer badur play in?,turkish super league,Q479643,sezer badur,Q1127498,sanica boru elâzığspor,Q485568,turkish super league,sezer badur --[member of sports team]--> sanica boru elâzığspor --[league]--> turkish super league
pattern_e_team_league,Which league does the team of bulent bal play in?,turkish super league,Q5005274,bulent bal,Q1127498,sanica boru elâzığspor,Q485568,turkish super league,bulent bal --[member of sports team]--> sanica boru elâzığspor --[league]--> turkish super league
pattern_e_team_league,Which league does the team of bülent ertuğrul play in?,turkish super league,Q526631,bülent ertuğrul,Q1127498,sanica boru elâzığspor,Q485568,turkish super league,bülent ertuğrul --[member of sports team]--> sanica boru elâzığspor --[league]--> turkish super league
pattern_e_team_league,Which league does the team of erhan namlı play in?,turkish super league,Q5385859,erhan namlı,Q1127498,sanica boru elâzığspor,Q485568,turkish super league,erhan namlı --[member of sports team]--> sanica boru elâzığspor --[league]--> turkish super league
pattern_e_team_league,Which league does the team of Erman Öncü play in?,turkish super league,Q5389873,Erman Öncü,Q1127498,sanica boru elâzığspor,Q485568,turkish super league,Erman Öncü --[member of sports team]--> sanica boru elâzığspor --[league]--> turkish super league
pattern_e_team_league,Which league does the team of ertugrul arslan play in?,turkish super league,Q5395921,ertugrul arslan,Q1127498,sanica boru elâzığspor,Q485568,turkish super league,ertugrul arslan --[member of sports team]--> sanica boru elâzığspor --[league]--> turkish super league
pattern_e_team_league,Which league does the team of Feridun Sungur play in?,turkish super league,Q5444316,Feridun Sungur,Q1127498,sanica boru elâzığspor,Q485568,turkish super league,Feridun Sungur --[member of sports team]--> sanica boru elâzığspor --[league]--> turkish super league
pattern_e_team_league,Which league does the team of Arif Şahin play in?,turkish super league,Q547786,Arif Şahin,Q1127498,sanica boru elâzığspor,Q485568,turkish super league,Arif Şahin --[member of sports team]--> sanica boru elâzığspor --[league]--> turkish super league
pattern_e_team_league,Which league does the team of sinan ozkan play in?,turkish super league,Q550789,sinan ozkan,Q1127498,sanica boru elâzığspor,Q485568,turkish super league,sinan ozkan --[member of sports team]--> sanica boru elâzığspor --[league]--> turkish super league
pattern_e_team_league,Which league does the team of atilla yıldırım play in?,turkish super league,Q551622,atilla yıldırım,Q1127498,sanica boru elâzığspor,Q485568,turkish super league,atilla yıldırım --[member of sports team]--> sanica boru elâzığspor --[league]--> turkish super league
pattern_e_team_league,Which league does the team of guven guneri play in?,turkish super league,Q5627176,guven guneri,Q1127498,sanica boru elâzığspor,Q485568,turkish super league,guven guneri --[member of sports team]--> sanica boru elâzığspor --[league]--> turkish super league
pattern_e_team_league,Which league does the team of Serdar Ozkan play in?,turkish super league,Q577265,Serdar Ozkan,Q1127498,sanica boru elâzığspor,Q485568,turkish super league,Serdar Ozkan --[member of sports team]--> sanica boru elâzığspor --[league]--> turkish super league
pattern_e_team_league,Which league does the team of berk yıldız play in?,turkish super league,Q6085055,berk yıldız,Q1127498,sanica boru elâzığspor,Q485568,turkish super league,berk yıldız --[member of sports team]--> sanica boru elâzığspor --[league]--> turkish super league
pattern_e_team_league,Which league does the team of Hasan Ozer play in?,turkish super league,Q6091261,Hasan Ozer,Q1127498,sanica boru elâzığspor,Q485568,turkish super league,Hasan Ozer --[member of sports team]--> sanica boru elâzığspor --[league]--> turkish super league
pattern_e_team_league,Which league does the team of Kemal Ozdes play in?,turkish super league,Q6095974,Kemal Ozdes,Q1127498,sanica boru elâzığspor,Q485568,turkish super league,Kemal Ozdes --[member of sports team]--> sanica boru elâzığspor --[league]--> turkish super league
pattern_e_team_league,Which league does the team of erman kılıç play in?,turkish super league,Q617680,erman kılıç,Q1127498,sanica boru elâzığspor,Q485568,turkish super league,erman kılıç --[member of sports team]--> sanica boru elâzığspor --[league]--> turkish super league
pattern_e_team_league,Which league does the team of Tanju Kayhan play in?,turkish super league,Q634235,Tanju Kayhan,Q1127498,sanica boru elâzığspor,Q485568,turkish super league,Tanju Kayhan --[member of sports team]--> sanica boru elâzığspor --[league]--> turkish super league
pattern_e_team_league,Which league does the team of Korhan Ozturk play in?,turkish super league,Q6432248,Korhan Ozturk,Q1127498,sanica boru elâzığspor,Q485568,turkish super league,Korhan Ozturk --[member of sports team]--> sanica boru elâzığspor --[league]--> turkish super league
pattern_e_team_league,Which league does the team of Taner Yalcin play in?,turkish super league,Q690145,Taner Yalcin,Q1127498,sanica boru elâzığspor,Q485568,turkish super league,Taner Yalcin --[member of sports team]--> sanica boru elâzığspor --[league]--> turkish super league
pattern_e_team_league,Which league does the team of Muharrem Uz play in?,turkish super league,Q6933005,Muharrem Uz,Q1127498,sanica boru elâzığspor,Q485568,turkish super league,Muharrem Uz --[member of sports team]--> sanica boru elâzığspor --[league]--> turkish super league
pattern_e_team_league,Which league does the team of murat selvi play in?,turkish super league,Q6937424,murat selvi,Q1127498,sanica boru elâzığspor,Q485568,turkish super league,murat selvi --[member of sports team]--> sanica boru elâzığspor --[league]--> turkish super league
pattern_e_team_league,Which league does the team of noyan öz play in?,turkish super league,Q7067345,noyan öz,Q1127498,sanica boru elâzığspor,Q485568,turkish super league,noyan öz --[member of sports team]--> sanica boru elâzığspor --[league]--> turkish super league
pattern_e_team_league,Which league does the team of Oktay Kuday play in?,turkish super league,Q7082662,Oktay Kuday,Q1127498,sanica boru elâzığspor,Q485568,turkish super league,Oktay Kuday --[member of sports team]--> sanica boru elâzığspor --[league]--> turkish super league
pattern_e_team_league,Which league does the team of Deniz Yılmaz play in?,turkish super league,Q71390,Deniz Yılmaz,Q1127498,sanica boru elâzığspor,Q485568,turkish super league,Deniz Yılmaz --[member of sports team]--> sanica boru elâzığspor --[league]--> turkish super league
pattern_e_team_league,Which league does the team of mehmet cakir play in?,turkish super league,Q725766,mehmet cakir,Q1127498,sanica boru elâzığspor,Q485568,turkish super league,mehmet cakir --[member of sports team]--> sanica boru elâzığspor --[league]--> turkish super league
pattern_e_team_league,Which league does the team of atacan ozturk play in?,turkish super league,Q753135,atacan ozturk,Q1127498,sanica boru elâzığspor,Q485568,turkish super league,atacan ozturk --[member of sports team]--> sanica boru elâzığspor --[league]--> turkish super league
pattern_e_team_league,Which league does the team of Taner Demirbas play in?,turkish super league,Q7682558,Taner Demirbas,Q1127498,sanica boru elâzığspor,Q485568,turkish super league,Taner Demirbas --[member of sports team]--> sanica boru elâzığspor --[league]--> turkish super league
pattern_e_team_league,Which league does the team of serdar ozbayraktar play in?,turkish super league,Q775542,serdar ozbayraktar,Q1127498,sanica boru elâzığspor,Q485568,turkish super league,serdar ozbayraktar --[member of sports team]--> sanica boru elâzığspor --[league]--> turkish super league
pattern_e_team_league,Which league does the team of Onur Ayık play in?,turkish super league,Q776593,Onur Ayık,Q1127498,sanica boru elâzığspor,Q485568,turkish super league,Onur Ayık --[member of sports team]--> sanica boru elâzığspor --[league]--> turkish super league
pattern_e_team_league,Which league does the team of Batuhan Karadeniz play in?,turkish super league,Q811050,Batuhan Karadeniz,Q1127498,sanica boru elâzığspor,Q485568,turkish super league,Batuhan Karadeniz --[member of sports team]--> sanica boru elâzığspor --[league]--> turkish super league
pattern_e_team_league,Which league does the team of Eser Yağmur play in?,turkish super league,Q820148,Eser Yağmur,Q1127498,sanica boru elâzığspor,Q485568,turkish super league,Eser Yağmur --[member of sports team]--> sanica boru elâzığspor --[league]--> turkish super league
pattern_e_team_league,Which league does the team of Murat Kalkan play in?,turkish super league,Q824377,Murat Kalkan,Q1127498,sanica boru elâzığspor,Q485568,turkish super league,Murat Kalkan --[member of sports team]--> sanica boru elâzığspor --[league]--> turkish super league
pattern_e_team_league,Which league does the team of kenan şahin (footballer) play in?,turkish super league,Q836130,kenan şahin (footballer),Q1127498,sanica boru elâzığspor,Q485568,turkish super league,kenan şahin (footballer) --[member of sports team]--> sanica boru elâzığspor --[league]--> turkish super league
pattern_e_team_league,Which league does the team of Birol Hikmet play in?,turkish super league,Q865827,Birol Hikmet,Q1127498,sanica boru elâzığspor,Q485568,turkish super league,Birol Hikmet --[member of sports team]--> sanica boru elâzığspor --[league]--> turkish super league
pattern_e_team_league,Which league does the team of Orkun Uşak play in?,turkish super league,Q931253,Orkun Uşak,Q1127498,sanica boru elâzığspor,Q485568,turkish super league,Orkun Uşak --[member of sports team]--> sanica boru elâzığspor --[league]--> turkish super league
pattern_e_team_league,Which league does the team of orhan ak play in?,turkish super league,Q937898,orhan ak,Q1127498,sanica boru elâzığspor,Q485568,turkish super league,orhan ak --[member of sports team]--> sanica boru elâzığspor --[league]--> turkish super league
pattern_e_team_league,Which league does the team of ismail isa mustafa play in?,turkish super league,Q970212,ismail isa mustafa,Q1127498,sanica boru elâzığspor,Q485568,turkish super league,ismail isa mustafa --[member of sports team]--> sanica boru elâzığspor --[league]--> turkish super league
pattern_e_team_league,Which league does the team of egemen korkmaz play in?,Bank Asya 1.League,Q1114411,egemen korkmaz,Q1170018,Kartalspor,Q1141692,Bank Asya 1.League,egemen korkmaz --[member of sports team]--> Kartalspor --[league]--> Bank Asya 1.League
pattern_e_team_league,Which league does the team of Enes Kubat play in?,Bank Asya 1.League,Q1121974,Enes Kubat,Q1170018,Kartalspor,Q1141692,Bank Asya 1.League,Enes Kubat --[member of sports team]--> Kartalspor --[league]--> Bank Asya 1.League
pattern_e_team_league,Which league does the team of deniz aslan play in?,Bank Asya 1.League,Q1187832,deniz aslan,Q1170018,Kartalspor,Q1141692,Bank Asya 1.League,deniz aslan --[member of sports team]--> Kartalspor --[league]--> Bank Asya 1.League
pattern_e_team_league,Which league does the team of Efecan Karaca play in?,Bank Asya 1.League,Q1226018,Efecan Karaca,Q1170018,Kartalspor,Q1141692,Bank Asya 1.League,Efecan Karaca --[member of sports team]--> Kartalspor --[league]--> Bank Asya 1.League
pattern_e_team_league,Which league does the team of gokhan emreciksin play in?,Bank Asya 1.League,Q1253508,gokhan emreciksin,Q1170018,Kartalspor,Q1141692,Bank Asya 1.League,gokhan emreciksin --[member of sports team]--> Kartalspor --[league]--> Bank Asya 1.League
pattern_e_team_league,Which league does the team of Uğur Demirok play in?,Bank Asya 1.League,Q1275189,Uğur Demirok,Q1170018,Kartalspor,Q1141692,Bank Asya 1.League,Uğur Demirok --[member of sports team]--> Kartalspor --[league]--> Bank Asya 1.League
pattern_e_team_league,Which league does the team of Murat Akyuez play in?,Bank Asya 1.League,Q1290838,Murat Akyuez,Q1170018,Kartalspor,Q1141692,Bank Asya 1.League,Murat Akyuez --[member of sports team]--> Kartalspor --[league]--> Bank Asya 1.League
pattern_e_team_league,Which league does the team of emrah eren play in?,Bank Asya 1.League,Q1339529,emrah eren,Q1170018,Kartalspor,Q1141692,Bank Asya 1.League,emrah eren --[member of sports team]--> Kartalspor --[league]--> Bank Asya 1.League
pattern_e_team_league,Which league does the team of Semih Kaya play in?,Bank Asya 1.League,Q1366105,Semih Kaya,Q1170018,Kartalspor,Q1141692,Bank Asya 1.League,Semih Kaya --[member of sports team]--> Kartalspor --[league]--> Bank Asya 1.League
pattern_e_team_league,Which league does the team of ethem pülgir play in?,Bank Asya 1.League,Q1371178,ethem pülgir,Q1170018,Kartalspor,Q1141692,Bank Asya 1.League,ethem pülgir --[member of sports team]--> Kartalspor --[league]--> Bank Asya 1.League
pattern_e_team_league,Which league does the team of yaser yildiz play in?,Bank Asya 1.League,Q1383556,yaser yildiz,Q1170018,Kartalspor,Q1141692,Bank Asya 1.League,yaser yildiz --[member of sports team]--> Kartalspor --[league]--> Bank Asya 1.League
pattern_e_team_league,Which league does the team of fatih şen play in?,Bank Asya 1.League,Q1398126,fatih şen,Q1170018,Kartalspor,Q1141692,Bank Asya 1.League,fatih şen --[member of sports team]--> Kartalspor --[league]--> Bank Asya 1.League
pattern_e_team_league,Which league does the team of Zafer Cevik play in?,Bank Asya 1.League,Q140160,Zafer Cevik,Q1170018,Kartalspor,Q1141692,Bank Asya 1.League,Zafer Cevik --[member of sports team]--> Kartalspor --[league]--> Bank Asya 1.League
pattern_e_team_league,Which league does the team of kaya tarakcı play in?,Bank Asya 1.League,Q1418755,kaya tarakcı,Q1170018,Kartalspor,Q1141692,Bank Asya 1.League,kaya tarakcı --[member of sports team]--> Kartalspor --[league]--> Bank Asya 1.League
pattern_e_team_league,Which league does the team of uğur yılmaz play in?,Bank Asya 1.League,Q15156139,uğur yılmaz,Q1170018,Kartalspor,Q1141692,Bank Asya 1.League,uğur yılmaz --[member of sports team]--> Kartalspor --[league]--> Bank Asya 1.League
pattern_e_team_league,Which league does the team of halil zeybek play in?,Bank Asya 1.League,Q1571121,halil zeybek,Q1170018,Kartalspor,Q1141692,Bank Asya 1.League,halil zeybek --[member of sports team]--> Kartalspor --[league]--> Bank Asya 1.League
pattern_e_team_league,Which league does the team of mehmet gurkan ozturk play in?,Bank Asya 1.League,Q15715544,mehmet gurkan ozturk,Q1170018,Kartalspor,Q1141692,Bank Asya 1.League,mehmet gurkan ozturk --[member of sports team]--> Kartalspor --[league]--> Bank Asya 1.League
pattern_e_team_league,Which league does the team of haydar yılmaz play in?,Bank Asya 1.League,Q1591836,haydar yılmaz,Q1170018,Kartalspor,Q1141692,Bank Asya 1.League,haydar yılmaz --[member of sports team]--> Kartalspor --[league]--> Bank Asya 1.League
pattern_e_team_league,Which league does the team of Cem Tosun play in?,Bank Asya 1.League,Q16727888,Cem Tosun,Q1170018,Kartalspor,Q1141692,Bank Asya 1.League,Cem Tosun --[member of sports team]--> Kartalspor --[league]--> Bank Asya 1.League
pattern_e_team_league,Which league does the team of Fahri Tatan play in?,Bank Asya 1.League,Q178148,Fahri Tatan,Q1170018,Kartalspor,Q1141692,Bank Asya 1.League,Fahri Tatan --[member of sports team]--> Kartalspor --[league]--> Bank Asya 1.League
pattern_e_team_league,Which league does the team of Mehmet Uslu play in?,Bank Asya 1.League,Q1795846,Mehmet Uslu,Q1170018,Kartalspor,Q1141692,Bank Asya 1.League,Mehmet Uslu --[member of sports team]--> Kartalspor --[league]--> Bank Asya 1.League
pattern_e_team_league,Which league does the team of mehmet al play in?,Bank Asya 1.League,Q1917306,mehmet al,Q1170018,Kartalspor,Q1141692,Bank Asya 1.League,mehmet al --[member of sports team]--> Kartalspor --[league]--> Bank Asya 1.League
pattern_e_team_league,Which league does the team of Mehmet Turkmehmet play in?,Bank Asya 1.League,Q1917362,Mehmet Turkmehmet,Q1170018,Kartalspor,Q1141692,Bank Asya 1.League,Mehmet Turkmehmet --[member of sports team]--> Kartalspor --[league]--> Bank Asya 1.League
pattern_e_team_league,Which league does the team of Muhammed Türkmen play in?,Bank Asya 1.League,Q1951914,Muhammed Türkmen,Q1170018,Kartalspor,Q1141692,Bank Asya 1.League,Muhammed Türkmen --[member of sports team]--> Kartalspor --[league]--> Bank Asya 1.League
pattern_e_team_league,Which league does the team of olgay coskun play in?,Bank Asya 1.League,Q2019770,olgay coskun,Q1170018,Kartalspor,Q1141692,Bank Asya 1.League,olgay coskun --[member of sports team]--> Kartalspor --[league]--> Bank Asya 1.League
pattern_e_team_league,Which league does the team of oğuz dağlaroğlu play in?,Bank Asya 1.League,Q2043168,oğuz dağlaroğlu,Q1170018,Kartalspor,Q1141692,Bank Asya 1.League,oğuz dağlaroğlu --[member of sports team]--> Kartalspor --[league]--> Bank Asya 1.League
pattern_e_team_league,Which league does the team of emrullah güvenç play in?,Bank Asya 1.League,Q2085193,emrullah güvenç,Q1170018,Kartalspor,Q1141692,Bank Asya 1.League,emrullah güvenç --[member of sports team]--> Kartalspor --[league]--> Bank Asya 1.League
pattern_e_team_league,Which league does the team of volkan demirel play in?,Bank Asya 1.League,Q209992,volkan demirel,Q1170018,Kartalspor,Q1141692,Bank Asya 1.League,volkan demirel --[member of sports team]--> Kartalspor --[league]--> Bank Asya 1.League
pattern_e_team_league,Which league does the team of serkan ozsoy play in?,Bank Asya 1.League,Q2273768,serkan ozsoy,Q1170018,Kartalspor,Q1141692,Bank Asya 1.League,serkan ozsoy --[member of sports team]--> Kartalspor --[league]--> Bank Asya 1.League
pattern_e_team_league,Which league does the team of ugur akdemir play in?,Bank Asya 1.League,Q2505079,ugur akdemir,Q1170018,Kartalspor,Q1141692,Bank Asya 1.League,ugur akdemir --[member of sports team]--> Kartalspor --[league]--> Bank Asya 1.League
pattern_e_team_league,Which league does the team of erman özgür play in?,Bank Asya 1.League,Q2542760,erman özgür,Q1170018,Kartalspor,Q1141692,Bank Asya 1.League,erman özgür --[member of sports team]--> Kartalspor --[league]--> Bank Asya 1.League
pattern_e_team_league,Which league does the team of erdem özgenç play in?,Bank Asya 1.League,Q281384,erdem özgenç,Q1170018,Kartalspor,Q1141692,Bank Asya 1.League,erdem özgenç --[member of sports team]--> Kartalspor --[league]--> Bank Asya 1.League
pattern_e_team_league,Which league does the team of yasin celik play in?,Bank Asya 1.League,Q2856378,yasin celik,Q1170018,Kartalspor,Q1141692,Bank Asya 1.League,yasin celik --[member of sports team]--> Kartalspor --[league]--> Bank Asya 1.League
pattern_e_team_league,Which league does the team of Murat Onur play in?,Bank Asya 1.League,Q2947435,Murat Onur,Q1170018,Kartalspor,Q1141692,Bank Asya 1.League,Murat Onur --[member of sports team]--> Kartalspor --[league]--> Bank Asya 1.League
pattern_e_team_league,Which league does the team of Onder Cengel play in?,Bank Asya 1.League,Q297605,Onder Cengel,Q1170018,Kartalspor,Q1141692,Bank Asya 1.League,Onder Cengel --[member of sports team]--> Kartalspor --[league]--> Bank Asya 1.League
pattern_e_team_league,Which league does the team of ozden onguen play in?,Bank Asya 1.League,Q307761,ozden onguen,Q1170018,Kartalspor,Q1141692,Bank Asya 1.League,ozden onguen --[member of sports team]--> Kartalspor --[league]--> Bank Asya 1.League
pattern_e_team_league,Which league does the team of Abdullah Karmil play in?,Bank Asya 1.League,Q317678,Abdullah Karmil,Q1170018,Kartalspor,Q1141692,Bank Asya 1.League,Abdullah Karmil --[member of sports team]--> Kartalspor --[league]--> Bank Asya 1.League
pattern_e_team_league,Which league does the team of Umit Tutunci play in?,Bank Asya 1.League,Q334864,Umit Tutunci,Q1170018,Kartalspor,Q1141692,Bank Asya 1.League,Umit Tutunci --[member of sports team]--> Kartalspor --[league]--> Bank Asya 1.League
pattern_e_team_league,Which league does the team of Iskender Alın play in?,Bank Asya 1.League,Q344050,Iskender Alın,Q1170018,Kartalspor,Q1141692,Bank Asya 1.League,Iskender Alın --[member of sports team]--> Kartalspor --[league]--> Bank Asya 1.League
pattern_e_team_league,Which league does the team of Ayibogan play in?,Bank Asya 1.League,Q347327,Ayibogan,Q1170018,Kartalspor,Q1141692,Bank Asya 1.League,Ayibogan --[member of sports team]--> Kartalspor --[league]--> Bank Asya 1.League
pattern_e_team_league,Which league does the team of adem sari play in?,Bank Asya 1.League,Q355687,adem sari,Q1170018,Kartalspor,Q1141692,Bank Asya 1.League,adem sari --[member of sports team]--> Kartalspor --[league]--> Bank Asya 1.League
pattern_e_team_league,Which league does the team of Erhan Senturk play in?,Bank Asya 1.League,Q433099,Erhan Senturk,Q1170018,Kartalspor,Q1141692,Bank Asya 1.League,Erhan Senturk --[member of sports team]--> Kartalspor --[league]--> Bank Asya 1.League
pattern_e_team_league,Which league does the team of Cahit Paşa play in?,Bank Asya 1.League,Q5017432,Cahit Paşa,Q1170018,Kartalspor,Q1141692,Bank Asya 1.League,Cahit Paşa --[member of sports team]--> Kartalspor --[league]--> Bank Asya 1.League
pattern_e_team_league,Which league does the team of Kürşat Duymuş play in?,Bank Asya 1.League,Q523813,Kürşat Duymuş,Q1170018,Kartalspor,Q1141692,Bank Asya 1.League,Kürşat Duymuş --[member of sports team]--> Kartalspor --[league]--> Bank Asya 1.League
pattern_e_team_league,Which league does the team of Ender Alkan play in?,Bank Asya 1.League,Q5376054,Ender Alkan,Q1170018,Kartalspor,Q1141692,Bank Asya 1.League,Ender Alkan --[member of sports team]--> Kartalspor --[league]--> Bank Asya 1.League
pattern_e_team_league,Which league does the team of Arif Şahin play in?,Bank Asya 1.League,Q547786,Arif Şahin,Q1170018,Kartalspor,Q1141692,Bank Asya 1.League,Arif Şahin --[member of sports team]--> Kartalspor --[league]--> Bank Asya 1.League
pattern_e_team_league,Which league does the team of guven guneri play in?,Bank Asya 1.League,Q5627176,guven guneri,Q1170018,Kartalspor,Q1141692,Bank Asya 1.League,guven guneri --[member of sports team]--> Kartalspor --[league]--> Bank Asya 1.League
pattern_e_team_league,Which league does the team of berkin kamil aslan play in?,Bank Asya 1.League,Q588864,berkin kamil aslan,Q1170018,Kartalspor,Q1141692,Bank Asya 1.League,berkin kamil aslan --[member of sports team]--> Kartalspor --[league]--> Bank Asya 1.League
pattern_e_team_league,Which league does the team of olcay çetinkaya play in?,Bank Asya 1.League,Q6019806,olcay çetinkaya,Q1170018,Kartalspor,Q1141692,Bank Asya 1.League,olcay çetinkaya --[member of sports team]--> Kartalspor --[league]--> Bank Asya 1.League
pattern_e_team_league,Which league does the team of Hasan Ozer play in?,Bank Asya 1.League,Q6091261,Hasan Ozer,Q1170018,Kartalspor,Q1141692,Bank Asya 1.League,Hasan Ozer --[member of sports team]--> Kartalspor --[league]--> Bank Asya 1.League
pattern_e_team_league,Which league does the team of hasan vezir play in?,Bank Asya 1.League,Q6094502,hasan vezir,Q1170018,Kartalspor,Q1141692,Bank Asya 1.League,hasan vezir --[member of sports team]--> Kartalspor --[league]--> Bank Asya 1.League
pattern_e_team_league,Which league does the team of Atilla Koca play in?,Bank Asya 1.League,Q612897,Atilla Koca,Q1170018,Kartalspor,Q1141692,Bank Asya 1.League,Atilla Koca --[member of sports team]--> Kartalspor --[league]--> Bank Asya 1.League
pattern_e_team_league,"Which league does the team of Adın, Olcan play in?",Bank Asya 1.League,Q651954,"Adın, Olcan",Q1170018,Kartalspor,Q1141692,Bank Asya 1.League,"Adın, Olcan --[member of sports team]--> Kartalspor --[league]--> Bank Asya 1.League"
pattern_e_team_league,Which league does the team of erhan kavak play in?,Bank Asya 1.League,Q692105,erhan kavak,Q1170018,Kartalspor,Q1141692,Bank Asya 1.League,erhan kavak --[member of sports team]--> Kartalspor --[league]--> Bank Asya 1.League
pattern_e_team_league,Which league does the team of rıza şen play in?,Bank Asya 1.League,Q7386936,rıza şen,Q1170018,Kartalspor,Q1141692,Bank Asya 1.League,rıza şen --[member of sports team]--> Kartalspor --[league]--> Bank Asya 1.League
pattern_e_team_league,Which league does the team of Oguz Sabankay play in?,Bank Asya 1.League,Q740321,Oguz Sabankay,Q1170018,Kartalspor,Q1141692,Bank Asya 1.League,Oguz Sabankay --[member of sports team]--> Kartalspor --[league]--> Bank Asya 1.League
pattern_e_team_league,Which league does the team of sezer sezgin play in?,Bank Asya 1.League,Q7459445,sezer sezgin,Q1170018,Kartalspor,Q1141692,Bank Asya 1.League,sezer sezgin --[member of sports team]--> Kartalspor --[league]--> Bank Asya 1.League
pattern_e_team_league,Which league does the team of Tayfun Seven play in?,Bank Asya 1.League,Q7689784,Tayfun Seven,Q1170018,Kartalspor,Q1141692,Bank Asya 1.League,Tayfun Seven --[member of sports team]--> Kartalspor --[league]--> Bank Asya 1.League
pattern_e_team_league,Which league does the team of umut kekilli play in?,Bank Asya 1.League,Q7881870,umut kekilli,Q1170018,Kartalspor,Q1141692,Bank Asya 1.League,umut kekilli --[member of sports team]--> Kartalspor --[league]--> Bank Asya 1.League
pattern_e_team_league,Which league does the team of Ugur Erdogan play in?,Bank Asya 1.League,Q7905376,Ugur Erdogan,Q1170018,Kartalspor,Q1141692,Bank Asya 1.League,Ugur Erdogan --[member of sports team]--> Kartalspor --[league]--> Bank Asya 1.League
pattern_e_team_league,Which league does the team of yağız göktuğ taşbulak play in?,Bank Asya 1.League,Q8050673,yağız göktuğ taşbulak,Q1170018,Kartalspor,Q1141692,Bank Asya 1.League,yağız göktuğ taşbulak --[member of sports team]--> Kartalspor --[league]--> Bank Asya 1.League
pattern_e_team_league,Which league does the team of Volkan Ekici play in?,Bank Asya 1.League,Q819832,Volkan Ekici,Q1170018,Kartalspor,Q1141692,Bank Asya 1.League,Volkan Ekici --[member of sports team]--> Kartalspor --[league]--> Bank Asya 1.League
pattern_e_team_league,Which league does the team of Eser Yağmur play in?,Bank Asya 1.League,Q820148,Eser Yağmur,Q1170018,Kartalspor,Q1141692,Bank Asya 1.League,Eser Yağmur --[member of sports team]--> Kartalspor --[league]--> Bank Asya 1.League
pattern_e_team_league,"Which league does the team of selçuk şahin (footballer, born 1983) play in?",Bank Asya 1.League,Q823959,"selçuk şahin (footballer, born 1983)",Q1170018,Kartalspor,Q1141692,Bank Asya 1.League,"selçuk şahin (footballer, born 1983) --[member of sports team]--> Kartalspor --[league]--> Bank Asya 1.League"
pattern_e_team_league,Which league does the team of yavuz özkan (footballer) play in?,Bank Asya 1.League,Q946415,yavuz özkan (footballer),Q1170018,Kartalspor,Q1141692,Bank Asya 1.League,yavuz özkan (footballer) --[member of sports team]--> Kartalspor --[league]--> Bank Asya 1.League
pattern_e_team_league,Which league does the team of mahmut ertugrul taskiran play in?,Bank Asya 1.League,Q947940,mahmut ertugrul taskiran,Q1170018,Kartalspor,Q1141692,Bank Asya 1.League,mahmut ertugrul taskiran --[member of sports team]--> Kartalspor --[league]--> Bank Asya 1.League
pattern_e_team_league,Which league does the team of Irfan Buz play in?,TFF Third League,Q15979745,Irfan Buz,Q1187762,i̇stanbul maltepespor,Q1470401,TFF Third League,Irfan Buz --[member of sports team]--> i̇stanbul maltepespor --[league]--> TFF Third League
pattern_e_team_league,Which league does the team of Senyil Mehmet Kutay play in?,TFF Third League,Q2567113,Senyil Mehmet Kutay,Q1187762,i̇stanbul maltepespor,Q1470401,TFF Third League,Senyil Mehmet Kutay --[member of sports team]--> i̇stanbul maltepespor --[league]--> TFF Third League
pattern_e_team_league,Which league does the team of erdem özgenç play in?,TFF Third League,Q281384,erdem özgenç,Q1187762,i̇stanbul maltepespor,Q1470401,TFF Third League,erdem özgenç --[member of sports team]--> i̇stanbul maltepespor --[league]--> TFF Third League
pattern_e_team_league,Which league does the team of Bülent Uzun play in?,TFF Third League,Q5005287,Bülent Uzun,Q1187762,i̇stanbul maltepespor,Q1470401,TFF Third League,Bülent Uzun --[member of sports team]--> i̇stanbul maltepespor --[league]--> TFF Third League
pattern_e_team_league,Which league does the team of Ender Alkan play in?,TFF Third League,Q5376054,Ender Alkan,Q1187762,i̇stanbul maltepespor,Q1470401,TFF Third League,Ender Alkan --[member of sports team]--> i̇stanbul maltepespor --[league]--> TFF Third League
pattern_e_team_league,Which league does the team of Aykut Akgün play in?,TFF Third League,Q543710,Aykut Akgün,Q1187762,i̇stanbul maltepespor,Q1470401,TFF Third League,Aykut Akgün --[member of sports team]--> i̇stanbul maltepespor --[league]--> TFF Third League
pattern_e_team_league,Which league does the team of Engin Baytar play in?,TFF Third League,Q555091,Engin Baytar,Q1187762,i̇stanbul maltepespor,Q1470401,TFF Third League,Engin Baytar --[member of sports team]--> i̇stanbul maltepespor --[league]--> TFF Third League
pattern_e_team_league,Which league does the team of guven guneri play in?,TFF Third League,Q5627176,guven guneri,Q1187762,i̇stanbul maltepespor,Q1470401,TFF Third League,guven guneri --[member of sports team]--> i̇stanbul maltepespor --[league]--> TFF Third League
pattern_e_team_league,Which league does the team of mehmet budak play in?,TFF Second League/doc,Q10397140,mehmet budak,Q118919,eyüp sk,Q1780954,TFF Second League/doc,mehmet budak --[member of sports team]--> eyüp sk --[league]--> TFF Second League/doc
pattern_e_team_league,Which league does the team of Fatih Ozturk Trabzonspor play in?,TFF Second League/doc,Q13256507,Fatih Ozturk Trabzonspor,Q118919,eyüp sk,Q1780954,TFF Second League/doc,Fatih Ozturk Trabzonspor --[member of sports team]--> eyüp sk --[league]--> TFF Second League/doc
pattern_e_team_league,Which league does the team of emre toraman play in?,TFF Second League/doc,Q1339601,emre toraman,Q118919,eyüp sk,Q1780954,TFF Second League/doc,emre toraman --[member of sports team]--> eyüp sk --[league]--> TFF Second League/doc
pattern_e_team_league,Which league does the team of Emrullah Salk play in?,TFF Second League/doc,Q1339619,Emrullah Salk,Q118919,eyüp sk,Q1780954,TFF Second League/doc,Emrullah Salk --[member of sports team]--> eyüp sk --[league]--> TFF Second League/doc
pattern_e_team_league,Which league does the team of Eren Aydin play in?,TFF Second League/doc,Q1349995,Eren Aydin,Q118919,eyüp sk,Q1780954,TFF Second League/doc,Eren Aydin --[member of sports team]--> eyüp sk --[league]--> TFF Second League/doc
pattern_e_team_league,Which league does the team of evren özyiğit play in?,TFF Second League/doc,Q1382648,evren özyiğit,Q118919,eyüp sk,Q1780954,TFF Second League/doc,evren özyiğit --[member of sports team]--> eyüp sk --[league]--> TFF Second League/doc
pattern_e_team_league,Which league does the team of kâmil altan play in?,TFF Second League/doc,Q16145548,kâmil altan,Q118919,eyüp sk,Q1780954,TFF Second League/doc,kâmil altan --[member of sports team]--> eyüp sk --[league]--> TFF Second League/doc
pattern_e_team_league,Which league does the team of volkan arslan play in?,TFF Second League/doc,Q1726558,volkan arslan,Q118919,eyüp sk,Q1780954,TFF Second League/doc,volkan arslan --[member of sports team]--> eyüp sk --[league]--> TFF Second League/doc
pattern_e_team_league,Which league does the team of mehmet aksu play in?,TFF Second League/doc,Q19975561,mehmet aksu,Q118919,eyüp sk,Q1780954,TFF Second League/doc,mehmet aksu --[member of sports team]--> eyüp sk --[league]--> TFF Second League/doc
pattern_e_team_league,Which league does the team of Okan Salmaz play in?,TFF Second League/doc,Q2017096,Okan Salmaz,Q118919,eyüp sk,Q1780954,TFF Second League/doc,Okan Salmaz --[member of sports team]--> eyüp sk --[league]--> TFF Second League/doc
pattern_e_team_league,Which league does the team of sezgin coskun play in?,TFF Second League/doc,Q2276014,sezgin coskun,Q118919,eyüp sk,Q1780954,TFF Second League/doc,sezgin coskun --[member of sports team]--> eyüp sk --[league]--> TFF Second League/doc
pattern_e_team_league,Which league does the team of Soner Ornek play in?,TFF Second League/doc,Q2301324,Soner Ornek,Q118919,eyüp sk,Q1780954,TFF Second League/doc,Soner Ornek --[member of sports team]--> eyüp sk --[league]--> TFF Second League/doc
pattern_e_team_league,Which league does the team of ali beratlıgil play in?,TFF Second League/doc,Q2479819,ali beratlıgil,Q118919,eyüp sk,Q1780954,TFF Second League/doc,ali beratlıgil --[member of sports team]--> eyüp sk --[league]--> TFF Second League/doc
pattern_e_team_league,Which league does the team of murat gürbüzerol play in?,TFF Second League/doc,Q264106,murat gürbüzerol,Q118919,eyüp sk,Q1780954,TFF Second League/doc,murat gürbüzerol --[member of sports team]--> eyüp sk --[league]--> TFF Second League/doc
pattern_e_team_league,Which league does the team of Hasan Ali Durtuluk play in?,TFF Second League/doc,Q283012,Hasan Ali Durtuluk,Q118919,eyüp sk,Q1780954,TFF Second League/doc,Hasan Ali Durtuluk --[member of sports team]--> eyüp sk --[league]--> TFF Second League/doc
pattern_e_team_league,Which league does the team of Onder Cengel play in?,TFF Second League/doc,Q297605,Onder Cengel,Q118919,eyüp sk,Q1780954,TFF Second League/doc,Onder Cengel --[member of sports team]--> eyüp sk --[league]--> TFF Second League/doc
pattern_e_team_league,Which league does the team of İlyas Kahraman play in?,TFF Second League/doc,Q3148834,İlyas Kahraman,Q118919,eyüp sk,Q1780954,TFF Second League/doc,İlyas Kahraman --[member of sports team]--> eyüp sk --[league]--> TFF Second League/doc
pattern_e_team_league,Which league does the team of güven cavus play in?,TFF Second League/doc,Q3318570,güven cavus,Q118919,eyüp sk,Q1780954,TFF Second League/doc,güven cavus --[member of sports team]--> eyüp sk --[league]--> TFF Second League/doc
pattern_e_team_league,Which league does the team of Ender Günlü play in?,TFF Second League/doc,Q3525305,Ender Günlü,Q118919,eyüp sk,Q1780954,TFF Second League/doc,Ender Günlü --[member of sports team]--> eyüp sk --[league]--> TFF Second League/doc
pattern_e_team_league,Which league does the team of Ahmet Dursun play in?,TFF Second League/doc,Q401817,Ahmet Dursun,Q118919,eyüp sk,Q1780954,TFF Second League/doc,Ahmet Dursun --[member of sports team]--> eyüp sk --[league]--> TFF Second League/doc
pattern_e_team_league,Which league does the team of Ahmet Görkem Görk play in?,TFF Second League/doc,Q401848,Ahmet Görkem Görk,Q118919,eyüp sk,Q1780954,TFF Second League/doc,Ahmet Görkem Görk --[member of sports team]--> eyüp sk --[league]--> TFF Second League/doc
pattern_e_team_league,Which league does the team of ahmet saglam play in?,TFF Second League/doc,Q401921,ahmet saglam,Q118919,eyüp sk,Q1780954,TFF Second League/doc,ahmet saglam --[member of sports team]--> eyüp sk --[league]--> TFF Second League/doc
pattern_e_team_league,Which league does the team of Furkan Aydin play in?,TFF Second League/doc,Q444853,Furkan Aydin,Q118919,eyüp sk,Q1780954,TFF Second League/doc,Furkan Aydin --[member of sports team]--> eyüp sk --[league]--> TFF Second League/doc
pattern_e_team_league,Which league does the team of altan aksoy play in?,TFF Second League/doc,Q4736141,altan aksoy,Q118919,eyüp sk,Q1780954,TFF Second League/doc,altan aksoy --[member of sports team]--> eyüp sk --[league]--> TFF Second League/doc
pattern_e_team_league,Which league does the team of Arif Karaoğlan play in?,TFF Second League/doc,Q4790540,Arif Karaoğlan,Q118919,eyüp sk,Q1780954,TFF Second League/doc,Arif Karaoğlan --[member of sports team]--> eyüp sk --[league]--> TFF Second League/doc
