question_type,question,answer,player_id,player_name,club_id,club_name,country_id,country_name,reasoning_path
pattern_a_team_country,Which country is the team of ali osman renklibay in?,turkiye,Q2484717,ali osman renklibay,Q1057881,Ceyhanspor,Q43,turkiye,ali osman renklibay --[member of sports team]--> Ceyhanspor --[country]--> turkiye
pattern_a_team_country,Which country is the team of ahmet suat özyazıcı in?,turkiye,Q356591,ahmet suat özyazıcı,Q10799295,Trabzon İdmanocağı,Q43,turkiye,ahmet suat özyazıcı --[member of sports team]--> Trabzon İdmanocağı --[country]--> turkiye
pattern_a_team_country,Which country is the team of i̇brahim halil yaşar in?,turkiye,Q3612815,i̇brahim halil yaşar,Q11183744,Kirikhanspor,Q43,turkiye,i̇brahim halil yaşar --[member of sports team]--> Kirikhanspor --[country]--> turkiye
pattern_a_team_country,Which country is the team of Güven Gürsoy in?,turkiye,Q5627174,Güven Gürsoy,Q11183744,Kirikhanspor,Q43,turkiye,Güven Gürsoy --[member of sports team]--> Kirikhanspor --[country]--> turkiye
pattern_a_team_country,Which country is the team of Bulut Basmaz in?,turkiye,Q1004726,Bulut Basmaz,Q1127498,sanica boru elâzığspor,Q43,turkiye,Bulut Basmaz --[member of sports team]--> sanica boru elâzığspor --[country]--> turkiye
pattern_a_team_country,Which country is the team of i̇lker erbay in?,turkiye,Q10434601,i̇lker erbay,Q1127498,sanica boru elâzığspor,Q43,turkiye,i̇lker erbay --[member of sports team]--> sanica boru elâzığspor --[country]--> turkiye
pattern_a_team_country,Which country is the team of Yunus Altun in?,turkiye,Q10507034,Yunus Altun,Q1127498,sanica boru elâzığspor,Q43,turkiye,Yunus Altun --[member of sports team]--> sanica boru elâzığspor --[country]--> turkiye
pattern_a_team_country,Which country is the team of deniz aslan in?,turkiye,Q1187832,deniz aslan,Q1127498,sanica boru elâzığspor,Q43,turkiye,deniz aslan --[member of sports team]--> sanica boru elâzığspor --[country]--> turkiye
pattern_a_team_country,Which country is the team of Murat Kayalı in?,turkiye,Q1230804,Murat Kayalı,Q1127498,sanica boru elâzığspor,Q43,turkiye,Murat Kayalı --[member of sports team]--> sanica boru elâzığspor --[country]--> turkiye
pattern_a_team_country,Which country is the team of gokhan emreciksin in?,turkiye,Q1253508,gokhan emreciksin,Q1127498,sanica boru elâzığspor,Q43,turkiye,gokhan emreciksin --[member of sports team]--> sanica boru elâzığspor --[country]--> turkiye
pattern_a_team_country,Which country is the team of alper kalemci in?,turkiye,Q1268421,alper kalemci,Q1127498,sanica boru elâzığspor,Q43,turkiye,alper kalemci --[member of sports team]--> sanica boru elâzığspor --[country]--> turkiye
pattern_a_team_country,Which country is the team of Murat Akyuez in?,turkiye,Q1290838,Murat Akyuez,Q1127498,sanica boru elâzığspor,Q43,turkiye,Murat Akyuez --[member of sports team]--> sanica boru elâzığspor --[country]--> turkiye
pattern_a_team_country,Which country is the team of Erdinc Yavuz in?,turkiye,Q1349279,Erdinc Yavuz,Q1127498,sanica boru elâzığspor,Q43,turkiye,Erdinc Yavuz --[member of sports team]--> sanica boru elâzığspor --[country]--> turkiye
pattern_a_team_country,Which country is the team of Eren Aydin in?,turkiye,Q1349995,Eren Aydin,Q1127498,sanica boru elâzığspor,Q43,turkiye,Eren Aydin --[member of sports team]--> sanica boru elâzığspor --[country]--> turkiye
pattern_a_team_country,Which country is the team of Sinan Kaloglu in?,turkiye,Q1396846,Sinan Kaloglu,Q1127498,sanica boru elâzığspor,Q43,turkiye,Sinan Kaloglu --[member of sports team]--> sanica boru elâzığspor --[country]--> turkiye
pattern_a_team_country,Which country is the team of goksu turkdogan in?,turkiye,Q1401074,goksu turkdogan,Q1127498,sanica boru elâzığspor,Q43,turkiye,goksu turkdogan --[member of sports team]--> sanica boru elâzığspor --[country]--> turkiye
pattern_a_team_country,Which country is the team of Ferhat Odabaşı in?,turkiye,Q1406254,Ferhat Odabaşı,Q1127498,sanica boru elâzığspor,Q43,turkiye,Ferhat Odabaşı --[member of sports team]--> sanica boru elâzığspor --[country]--> turkiye
pattern_a_team_country,Which country is the team of Yavuz Eraydin in?,turkiye,Q1419830,Yavuz Eraydin,Q1127498,sanica boru elâzığspor,Q43,turkiye,Yavuz Eraydin --[member of sports team]--> sanica boru elâzığspor --[country]--> turkiye
pattern_a_team_country,Which country is the team of erol erdal alkan in?,turkiye,Q15651896,erol erdal alkan,Q1127498,sanica boru elâzığspor,Q43,turkiye,erol erdal alkan --[member of sports team]--> sanica boru elâzığspor --[country]--> turkiye
pattern_a_team_country,Which country is the team of hasan hakan hacıbektaşoğlu in?,turkiye,Q1569824,hasan hakan hacıbektaşoğlu,Q1127498,sanica boru elâzığspor,Q43,turkiye,hasan hakan hacıbektaşoğlu --[member of sports team]--> sanica boru elâzığspor --[country]--> turkiye
pattern_a_team_country,Which country is the team of hakan söyler in?,turkiye,Q1569840,hakan söyler,Q1127498,sanica boru elâzığspor,Q43,turkiye,hakan söyler --[member of sports team]--> sanica boru elâzığspor --[country]--> turkiye
pattern_a_team_country,Which country is the team of halil akbunar in?,turkiye,Q1571109,halil akbunar,Q1127498,sanica boru elâzığspor,Q43,turkiye,halil akbunar --[member of sports team]--> sanica boru elâzığspor --[country]--> turkiye
pattern_a_team_country,Which country is the team of çağlayan alpsatan in?,turkiye,Q15855969,çağlayan alpsatan,Q1127498,sanica boru elâzığspor,Q43,turkiye,çağlayan alpsatan --[member of sports team]--> sanica boru elâzığspor --[country]--> turkiye
pattern_a_team_country,Which country is the team of muhammed ali doğan in?,turkiye,Q15879323,muhammed ali doğan,Q1127498,sanica boru elâzığspor,Q43,turkiye,muhammed ali doğan --[member of sports team]--> sanica boru elâzığspor --[country]--> turkiye
pattern_a_team_country,Which country is the team of Veysel Aksu in?,turkiye,Q1622596,Veysel Aksu,Q1127498,sanica boru elâzığspor,Q43,turkiye,Veysel Aksu --[member of sports team]--> sanica boru elâzığspor --[country]--> turkiye
pattern_a_team_country,Which country is the team of Muhammet Akyildiz in?,turkiye,Q16909049,Muhammet Akyildiz,Q1127498,sanica boru elâzığspor,Q43,turkiye,Muhammet Akyildiz --[member of sports team]--> sanica boru elâzığspor --[country]--> turkiye
pattern_a_team_country,Which country is the team of kemal tokak in?,turkiye,Q1699998,kemal tokak,Q1127498,sanica boru elâzığspor,Q43,turkiye,kemal tokak --[member of sports team]--> sanica boru elâzığspor --[country]--> turkiye
pattern_a_team_country,Which country is the team of Köksal Yedek in?,turkiye,Q1748946,Köksal Yedek,Q1127498,sanica boru elâzığspor,Q43,turkiye,Köksal Yedek --[member of sports team]--> sanica boru elâzığspor --[country]--> turkiye
pattern_a_team_country,Which country is the team of çağlar şahin akbaba in?,turkiye,Q18030084,çağlar şahin akbaba,Q1127498,sanica boru elâzığspor,Q43,turkiye,çağlar şahin akbaba --[member of sports team]--> sanica boru elâzığspor --[country]--> turkiye
pattern_a_team_country,"Which country is the team of Kilinc, David in?",turkiye,Q18411280,"Kilinc, David",Q1127498,sanica boru elâzığspor,Q43,turkiye,"Kilinc, David --[member of sports team]--> sanica boru elâzığspor --[country]--> turkiye"
pattern_a_team_country,Which country is the team of Zeki Korkmaz in?,turkiye,Q187264,Zeki Korkmaz,Q1127498,sanica boru elâzığspor,Q43,turkiye,Zeki Korkmaz --[member of sports team]--> sanica boru elâzığspor --[country]--> turkiye
pattern_a_team_country,Which country is the team of mehmet al in?,turkiye,Q1917306,mehmet al,Q1127498,sanica boru elâzığspor,Q43,turkiye,mehmet al --[member of sports team]--> sanica boru elâzığspor --[country]--> turkiye
pattern_a_team_country,Which country is the team of Mehmet Turkmehmet in?,turkiye,Q1917362,Mehmet Turkmehmet,Q1127498,sanica boru elâzığspor,Q43,turkiye,Mehmet Turkmehmet --[member of sports team]--> sanica boru elâzığspor --[country]--> turkiye
pattern_a_team_country,Which country is the team of sözgelmez in?,turkiye,Q1953556,sözgelmez,Q1127498,sanica boru elâzığspor,Q43,turkiye,sözgelmez --[member of sports team]--> sanica boru elâzığspor --[country]--> turkiye
pattern_a_team_country,Which country is the team of miško mirkovic in?,turkiye,Q1985766,miško mirkovic,Q1127498,sanica boru elâzığspor,Q43,turkiye,miško mirkovic --[member of sports team]--> sanica boru elâzığspor --[country]--> turkiye
pattern_a_team_country,Which country is the team of Kulbilge in?,turkiye,Q2000793,Kulbilge,Q1127498,sanica boru elâzığspor,Q43,turkiye,Kulbilge --[member of sports team]--> sanica boru elâzığspor --[country]--> turkiye
pattern_a_team_country,Which country is the team of nurullah saglam in?,turkiye,Q2005435,nurullah saglam,Q1127498,sanica boru elâzığspor,Q43,turkiye,nurullah saglam --[member of sports team]--> sanica boru elâzığspor --[country]--> turkiye
pattern_a_team_country,Which country is the team of oguzhan bahadir in?,turkiye,Q2043180,oguzhan bahadir,Q1127498,sanica boru elâzığspor,Q43,turkiye,oguzhan bahadir --[member of sports team]--> sanica boru elâzığspor --[country]--> turkiye
pattern_a_team_country,Which country is the team of Richard Kingson in?,turkiye,Q217097,Richard Kingson,Q1127498,sanica boru elâzığspor,Q43,turkiye,Richard Kingson --[member of sports team]--> sanica boru elâzığspor --[country]--> turkiye
pattern_a_team_country,Which country is the team of Bahadir Ozturk in?,turkiye,Q22342693,Bahadir Ozturk,Q1127498,sanica boru elâzığspor,Q43,turkiye,Bahadir Ozturk --[member of sports team]--> sanica boru elâzığspor --[country]--> turkiye
pattern_a_team_country,"Which country is the team of ağçay, sedat in?",turkiye,Q2264245,"ağçay, sedat",Q1127498,sanica boru elâzığspor,Q43,turkiye,"ağçay, sedat --[member of sports team]--> sanica boru elâzığspor --[country]--> turkiye"
pattern_a_team_country,Which country is the team of tolga özgen in?,turkiye,Q2439273,tolga özgen,Q1127498,sanica boru elâzığspor,Q43,turkiye,tolga özgen --[member of sports team]--> sanica boru elâzığspor --[country]--> turkiye
pattern_a_team_country,Which country is the team of zulkuf ozer in?,turkiye,Q248064,zulkuf ozer,Q1127498,sanica boru elâzığspor,Q43,turkiye,zulkuf ozer --[member of sports team]--> sanica boru elâzığspor --[country]--> turkiye
pattern_a_team_country,Which country is the team of Volkan Yilmaz in?,turkiye,Q2530816,Volkan Yilmaz,Q1127498,sanica boru elâzığspor,Q43,turkiye,Volkan Yilmaz --[member of sports team]--> sanica boru elâzığspor --[country]--> turkiye
pattern_a_team_country,Which country is the team of Yusuf Kurtulus in?,turkiye,Q2541960,Yusuf Kurtulus,Q1127498,sanica boru elâzığspor,Q43,turkiye,Yusuf Kurtulus --[member of sports team]--> sanica boru elâzığspor --[country]--> turkiye
pattern_a_team_country,Which country is the team of ali gutda gokdemir in?,turkiye,Q2619059,ali gutda gokdemir,Q1127498,sanica boru elâzığspor,Q43,turkiye,ali gutda gokdemir --[member of sports team]--> sanica boru elâzığspor --[country]--> turkiye
pattern_a_team_country,Which country is the team of cağlar birinci in?,turkiye,Q272734,cağlar birinci,Q1127498,sanica boru elâzığspor,Q43,turkiye,cağlar birinci --[member of sports team]--> sanica boru elâzığspor --[country]--> turkiye
pattern_a_team_country,Which country is the team of Mehmet Nas in?,turkiye,Q277944,Mehmet Nas,Q1127498,sanica boru elâzığspor,Q43,turkiye,Mehmet Nas --[member of sports team]--> sanica boru elâzığspor --[country]--> turkiye
pattern_a_team_country,Which country is the team of sedat bayrak in?,turkiye,Q278065,sedat bayrak,Q1127498,sanica boru elâzığspor,Q43,turkiye,sedat bayrak --[member of sports team]--> sanica boru elâzığspor --[country]--> turkiye
pattern_a_team_country,Which country is the team of Ersan Gueluem in?,turkiye,Q283737,Ersan Gueluem,Q1127498,sanica boru elâzığspor,Q43,turkiye,Ersan Gueluem --[member of sports team]--> sanica boru elâzığspor --[country]--> turkiye
pattern_a_team_country,Which country is the team of Onder Cengel in?,turkiye,Q297605,Onder Cengel,Q1127498,sanica boru elâzığspor,Q43,turkiye,Onder Cengel --[member of sports team]--> sanica boru elâzığspor --[country]--> turkiye
pattern_a_team_country,Which country is the team of Özgür Özkaya in?,turkiye,Q307856,Özgür Özkaya,Q1127498,sanica boru elâzığspor,Q43,turkiye,Özgür Özkaya --[member of sports team]--> sanica boru elâzığspor --[country]--> turkiye
pattern_a_team_country,Which country is the team of murat tosun in?,turkiye,Q327428,murat tosun,Q1127498,sanica boru elâzığspor,Q43,turkiye,murat tosun --[member of sports team]--> sanica boru elâzığspor --[country]--> turkiye
pattern_a_team_country,Which country is the team of Mehmet Boztepe in?,turkiye,Q327450,Mehmet Boztepe,Q1127498,sanica boru elâzığspor,Q43,turkiye,Mehmet Boztepe --[member of sports team]--> sanica boru elâzığspor --[country]--> turkiye
pattern_a_team_country,Which country is the team of Aydin Karabulut in?,turkiye,Q327454,Aydin Karabulut,Q1127498,sanica boru elâzığspor,Q43,turkiye,Aydin Karabulut --[member of sports team]--> sanica boru elâzığspor --[country]--> turkiye
pattern_a_team_country,Which country is the team of Umit Tutunci in?,turkiye,Q334864,Umit Tutunci,Q1127498,sanica boru elâzığspor,Q43,turkiye,Umit Tutunci --[member of sports team]--> sanica boru elâzığspor --[country]--> turkiye
pattern_a_team_country,Which country is the team of ibrahim kas in?,turkiye,Q343331,ibrahim kas,Q1127498,sanica boru elâzığspor,Q43,turkiye,ibrahim kas --[member of sports team]--> sanica boru elâzığspor --[country]--> turkiye
pattern_a_team_country,Which country is the team of İlker Avcıbay in?,turkiye,Q343801,İlker Avcıbay,Q1127498,sanica boru elâzığspor,Q43,turkiye,İlker Avcıbay --[member of sports team]--> sanica boru elâzığspor --[country]--> turkiye
pattern_a_team_country,Which country is the team of Adem Alkasi in?,turkiye,Q355630,Adem Alkasi,Q1127498,sanica boru elâzığspor,Q43,turkiye,Adem Alkasi --[member of sports team]--> sanica boru elâzığspor --[country]--> turkiye
pattern_a_team_country,Which country is the team of Ahmet Görkem Görk in?,turkiye,Q401848,Ahmet Görkem Görk,Q1127498,sanica boru elâzığspor,Q43,turkiye,Ahmet Görkem Görk --[member of sports team]--> sanica boru elâzığspor --[country]--> turkiye
pattern_a_team_country,Which country is the team of Ahmet Şahin (footballer) in?,turkiye,Q402016,Ahmet Şahin (footballer),Q1127498,sanica boru elâzığspor,Q43,turkiye,Ahmet Şahin (footballer) --[member of sports team]--> sanica boru elâzığspor --[country]--> turkiye
pattern_a_team_country,Which country is the team of mustafa sarp in?,turkiye,Q426881,mustafa sarp,Q1127498,sanica boru elâzığspor,Q43,turkiye,mustafa sarp --[member of sports team]--> sanica boru elâzığspor --[country]--> turkiye
pattern_a_team_country,Which country is the team of rıdvan şimşek in?,turkiye,Q444822,rıdvan şimşek,Q1127498,sanica boru elâzığspor,Q43,turkiye,rıdvan şimşek --[member of sports team]--> sanica boru elâzığspor --[country]--> turkiye
pattern_a_team_country,Which country is the team of Serdar Gürler in?,turkiye,Q472488,Serdar Gürler,Q1127498,sanica boru elâzığspor,Q43,turkiye,Serdar Gürler --[member of sports team]--> sanica boru elâzığspor --[country]--> turkiye
pattern_a_team_country,Which country is the team of ali olmez in?,turkiye,Q4725333,ali olmez,Q1127498,sanica boru elâzığspor,Q43,turkiye,ali olmez --[member of sports team]--> sanica boru elâzığspor --[country]--> turkiye
pattern_a_team_country,Which country is the team of sezer badur in?,turkiye,Q479643,sezer badur,Q1127498,sanica boru elâzığspor,Q43,turkiye,sezer badur --[member of sports team]--> sanica boru elâzığspor --[country]--> turkiye
pattern_a_team_country,Which country is the team of bulent bal in?,turkiye,Q5005274,bulent bal,Q1127498,sanica boru elâzığspor,Q43,turkiye,bulent bal --[member of sports team]--> sanica boru elâzığspor --[country]--> turkiye
pattern_a_team_country,Which country is the team of bülent ertuğrul in?,turkiye,Q526631,bülent ertuğrul,Q1127498,sanica boru elâzığspor,Q43,turkiye,bülent ertuğrul --[member of sports team]--> sanica boru elâzığspor --[country]--> turkiye
pattern_a_team_country,Which country is the team of erhan namlı in?,turkiye,Q5385859,erhan namlı,Q1127498,sanica boru elâzığspor,Q43,turkiye,erhan namlı --[member of sports team]--> sanica boru elâzığspor --[country]--> turkiye
pattern_a_team_country,Which country is the team of Erman Öncü in?,turkiye,Q5389873,Erman Öncü,Q1127498,sanica boru elâzığspor,Q43,turkiye,Erman Öncü --[member of sports team]--> sanica boru elâzığspor --[country]--> turkiye
pattern_a_team_country,Which country is the team of ertugrul arslan in?,turkiye,Q5395921,ertugrul arslan,Q1127498,sanica boru elâzığspor,Q43,turkiye,ertugrul arslan --[member of sports team]--> sanica boru elâzığspor --[country]--> turkiye
pattern_a_team_country,Which country is the team of Feridun Sungur in?,turkiye,Q5444316,Feridun Sungur,Q1127498,sanica boru elâzığspor,Q43,turkiye,Feridun Sungur --[member of sports team]--> sanica boru elâzığspor --[country]--> turkiye
pattern_a_team_country,Which country is the team of Arif Şahin in?,turkiye,Q547786,Arif Şahin,Q1127498,sanica boru elâzığspor,Q43,turkiye,Arif Şahin --[member of sports team]--> sanica boru elâzığspor --[country]--> turkiye
pattern_a_team_country,Which country is the team of sinan ozkan in?,turkiye,Q550789,sinan ozkan,Q1127498,sanica boru elâzığspor,Q43,turkiye,sinan ozkan --[member of sports team]--> sanica boru elâzığspor --[country]--> turkiye
pattern_a_team_country,Which country is the team of atilla yıldırım in?,turkiye,Q551622,atilla yıldırım,Q1127498,sanica boru elâzığspor,Q43,turkiye,atilla yıldırım --[member of sports team]--> sanica boru elâzığspor --[country]--> turkiye
pattern_a_team_country,Which country is the team of guven guneri in?,turkiye,Q5627176,guven guneri,Q1127498,sanica boru elâzığspor,Q43,turkiye,guven guneri --[member of sports team]--> sanica boru elâzığspor --[country]--> turkiye
pattern_a_team_country,Which country is the team of Serdar Ozkan in?,turkiye,Q577265,Serdar Ozkan,Q1127498,sanica boru elâzığspor,Q43,turkiye,Serdar Ozkan --[member of sports team]--> sanica boru elâzığspor --[country]--> turkiye
pattern_a_team_country,Which country is the team of berk yıldız in?,turkiye,Q6085055,berk yıldız,Q1127498,sanica boru elâzığspor,Q43,turkiye,berk yıldız --[member of sports team]--> sanica boru elâzığspor --[country]--> turkiye
pattern_a_team_country,Which country is the team of Hasan Ozer in?,turkiye,Q6091261,Hasan Ozer,Q1127498,sanica boru elâzığspor,Q43,turkiye,Hasan Ozer --[member of sports team]--> sanica boru elâzığspor --[country]--> turkiye
pattern_a_team_country,Which country is the team of Kemal Ozdes in?,turkiye,Q6095974,Kemal Ozdes,Q1127498,sanica boru elâzığspor,Q43,turkiye,Kemal Ozdes --[member of sports team]--> sanica boru elâzığspor --[country]--> turkiye
pattern_a_team_country,Which country is the team of erman kılıç in?,turkiye,Q617680,erman kılıç,Q1127498,sanica boru elâzığspor,Q43,turkiye,erman kılıç --[member of sports team]--> sanica boru elâzığspor --[country]--> turkiye
pattern_a_team_country,Which country is the team of Tanju Kayhan in?,turkiye,Q634235,Tanju Kayhan,Q1127498,sanica boru elâzığspor,Q43,turkiye,Tanju Kayhan --[member of sports team]--> sanica boru elâzığspor --[country]--> turkiye
pattern_a_team_country,Which country is the team of Korhan Ozturk in?,turkiye,Q6432248,Korhan Ozturk,Q1127498,sanica boru elâzığspor,Q43,turkiye,Korhan Ozturk --[member of sports team]--> sanica boru elâzığspor --[country]--> turkiye
pattern_a_team_country,Which country is the team of Taner Yalcin in?,turkiye,Q690145,Taner Yalcin,Q1127498,sanica boru elâzığspor,Q43,turkiye,Taner Yalcin --[member of sports team]--> sanica boru elâzığspor --[country]--> turkiye
pattern_a_team_country,Which country is the team of Muharrem Uz in?,turkiye,Q6933005,Muharrem Uz,Q1127498,sanica boru elâzığspor,Q43,turkiye,Muharrem Uz --[member of sports team]--> sanica boru elâzığspor --[country]--> turkiye
pattern_a_team_country,Which country is the team of murat selvi in?,turkiye,Q6937424,murat selvi,Q1127498,sanica boru elâzığspor,Q43,turkiye,murat selvi --[member of sports team]--> sanica boru elâzığspor --[country]--> turkiye
pattern_a_team_country,Which country is the team of noyan öz in?,turkiye,Q7067345,noyan öz,Q1127498,sanica boru elâzığspor,Q43,turkiye,noyan öz --[member of sports team]--> sanica boru elâzığspor --[country]--> turkiye
pattern_a_team_country,Which country is the team of Oktay Kuday in?,turkiye,Q7082662,Oktay Kuday,Q1127498,sanica boru elâzığspor,Q43,turkiye,Oktay Kuday --[member of sports team]--> sanica boru elâzığspor --[country]--> turkiye
pattern_a_team_country,Which country is the team of Deniz Yılmaz in?,turkiye,Q71390,Deniz Yılmaz,Q1127498,sanica boru elâzığspor,Q43,turkiye,Deniz Yılmaz --[member of sports team]--> sanica boru elâzığspor --[country]--> turkiye
pattern_a_team_country,Which country is the team of mehmet cakir in?,turkiye,Q725766,mehmet cakir,Q1127498,sanica boru elâzığspor,Q43,turkiye,mehmet cakir --[member of sports team]--> sanica boru elâzığspor --[country]--> turkiye
pattern_a_team_country,Which country is the team of atacan ozturk in?,turkiye,Q753135,atacan ozturk,Q1127498,sanica boru elâzığspor,Q43,turkiye,atacan ozturk --[member of sports team]--> sanica boru elâzığspor --[country]--> turkiye
pattern_a_team_country,Which country is the team of Taner Demirbas in?,turkiye,Q7682558,Taner Demirbas,Q1127498,sanica boru elâzığspor,Q43,turkiye,Taner Demirbas --[member of sports team]--> sanica boru elâzığspor --[country]--> turkiye
pattern_a_team_country,Which country is the team of serdar ozbayraktar in?,turkiye,Q775542,serdar ozbayraktar,Q1127498,sanica boru elâzığspor,Q43,turkiye,serdar ozbayraktar --[member of sports team]--> sanica boru elâzığspor --[country]--> turkiye
pattern_a_team_country,Which country is the team of Onur Ayık in?,turkiye,Q776593,Onur Ayık,Q1127498,sanica boru elâzığspor,Q43,turkiye,Onur Ayık --[member of sports team]--> sanica boru elâzığspor --[country]--> turkiye
pattern_a_team_country,Which country is the team of Batuhan Karadeniz in?,turkiye,Q811050,Batuhan Karadeniz,Q1127498,sanica boru elâzığspor,Q43,turkiye,Batuhan Karadeniz --[member of sports team]--> sanica boru elâzığspor --[country]--> turkiye
pattern_a_team_country,Which country is the team of Eser Yağmur in?,turkiye,Q820148,Eser Yağmur,Q1127498,sanica boru elâzığspor,Q43,turkiye,Eser Yağmur --[member of sports team]--> sanica boru elâzığspor --[country]--> turkiye
pattern_a_team_country,Which country is the team of Murat Kalkan in?,turkiye,Q824377,Murat Kalkan,Q1127498,sanica boru elâzığspor,Q43,turkiye,Murat Kalkan --[member of sports team]--> sanica boru elâzığspor --[country]--> turkiye
pattern_a_team_country,Which country is the team of kenan şahin (footballer) in?,turkiye,Q836130,kenan şahin (footballer),Q1127498,sanica boru elâzığspor,Q43,turkiye,kenan şahin (footballer) --[member of sports team]--> sanica boru elâzığspor --[country]--> turkiye
pattern_a_team_country,Which country is the team of Birol Hikmet in?,turkiye,Q865827,Birol Hikmet,Q1127498,sanica boru elâzığspor,Q43,turkiye,Birol Hikmet --[member of sports team]--> sanica boru elâzığspor --[country]--> turkiye
pattern_a_team_country,Which country is the team of Orkun Uşak in?,turkiye,Q931253,Orkun Uşak,Q1127498,sanica boru elâzığspor,Q43,turkiye,Orkun Uşak --[member of sports team]--> sanica boru elâzığspor --[country]--> turkiye
pattern_a_team_country,Which country is the team of orhan ak in?,turkiye,Q937898,orhan ak,Q1127498,sanica boru elâzığspor,Q43,turkiye,orhan ak --[member of sports team]--> sanica boru elâzığspor --[country]--> turkiye
pattern_a_team_country,Which country is the team of ismail isa mustafa in?,turkiye,Q970212,ismail isa mustafa,Q1127498,sanica boru elâzığspor,Q43,turkiye,ismail isa mustafa --[member of sports team]--> sanica boru elâzığspor --[country]--> turkiye
pattern_a_team_country,Which country is the team of egemen korkmaz in?,turkiye,Q1114411,egemen korkmaz,Q1170018,Kartalspor,Q43,turkiye,egemen korkmaz --[member of sports team]--> Kartalspor --[country]--> turkiye
pattern_a_team_country,Which country is the team of Enes Kubat in?,turkiye,Q1121974,Enes Kubat,Q1170018,Kartalspor,Q43,turkiye,Enes Kubat --[member of sports team]--> Kartalspor --[country]--> turkiye
pattern_a_team_country,Which country is the team of deniz aslan in?,turkiye,Q1187832,deniz aslan,Q1170018,Kartalspor,Q43,turkiye,deniz aslan --[member of sports team]--> Kartalspor --[country]--> turkiye
pattern_a_team_country,Which country is the team of Efecan Karaca in?,turkiye,Q1226018,Efecan Karaca,Q1170018,Kartalspor,Q43,turkiye,Efecan Karaca --[member of sports team]--> Kartalspor --[country]--> turkiye
pattern_a_team_country,Which country is the team of gokhan emreciksin in?,turkiye,Q1253508,gokhan emreciksin,Q1170018,Kartalspor,Q43,turkiye,gokhan emreciksin --[member of sports team]--> Kartalspor --[country]--> turkiye
pattern_a_team_country,Which country is the team of Uğur Demirok in?,turkiye,Q1275189,Uğur Demirok,Q1170018,Kartalspor,Q43,turkiye,Uğur Demirok --[member of sports team]--> Kartalspor --[country]--> turkiye
pattern_a_team_country,Which country is the team of Murat Akyuez in?,turkiye,Q1290838,Murat Akyuez,Q1170018,Kartalspor,Q43,turkiye,Murat Akyuez --[member of sports team]--> Kartalspor --[country]--> turkiye
pattern_a_team_country,Which country is the team of emrah eren in?,turkiye,Q1339529,emrah eren,Q1170018,Kartalspor,Q43,turkiye,emrah eren --[member of sports team]--> Kartalspor --[country]--> turkiye
pattern_a_team_country,Which country is the team of Semih Kaya in?,turkiye,Q1366105,Semih Kaya,Q1170018,Kartalspor,Q43,turkiye,Semih Kaya --[member of sports team]--> Kartalspor --[country]--> turkiye
pattern_a_team_country,Which country is the team of ethem pülgir in?,turkiye,Q1371178,ethem pülgir,Q1170018,Kartalspor,Q43,turkiye,ethem pülgir --[member of sports team]--> Kartalspor --[country]--> turkiye
pattern_a_team_country,Which country is the team of yaser yildiz in?,turkiye,Q1383556,yaser yildiz,Q1170018,Kartalspor,Q43,turkiye,yaser yildiz --[member of sports team]--> Kartalspor --[country]--> turkiye
pattern_a_team_country,Which country is the team of fatih şen in?,turkiye,Q1398126,fatih şen,Q1170018,Kartalspor,Q43,turkiye,fatih şen --[member of sports team]--> Kartalspor --[country]--> turkiye
pattern_a_team_country,Which country is the team of Zafer Cevik in?,turkiye,Q140160,Zafer Cevik,Q1170018,Kartalspor,Q43,turkiye,Zafer Cevik --[member of sports team]--> Kartalspor --[country]--> turkiye
pattern_a_team_country,Which country is the team of kaya tarakcı in?,turkiye,Q1418755,kaya tarakcı,Q1170018,Kartalspor,Q43,turkiye,kaya tarakcı --[member of sports team]--> Kartalspor --[country]--> turkiye
pattern_a_team_country,Which country is the team of uğur yılmaz in?,turkiye,Q15156139,uğur yılmaz,Q1170018,Kartalspor,Q43,turkiye,uğur yılmaz --[member of sports team]--> Kartalspor --[country]--> turkiye
pattern_a_team_country,Which country is the team of halil zeybek in?,turkiye,Q1571121,halil zeybek,Q1170018,Kartalspor,Q43,turkiye,halil zeybek --[member of sports team]--> Kartalspor --[country]--> turkiye
pattern_a_team_country,Which country is the team of mehmet gurkan ozturk in?,turkiye,Q15715544,mehmet gurkan ozturk,Q1170018,Kartalspor,Q43,turkiye,mehmet gurkan ozturk --[member of sports team]--> Kartalspor --[country]--> turkiye
pattern_a_team_country,Which country is the team of haydar yılmaz in?,turkiye,Q1591836,haydar yılmaz,Q1170018,Kartalspor,Q43,turkiye,haydar yılmaz --[member of sports team]--> Kartalspor --[country]--> turkiye
pattern_a_team_country,Which country is the team of Cem Tosun in?,turkiye,Q16727888,Cem Tosun,Q1170018,Kartalspor,Q43,turkiye,Cem Tosun --[member of sports team]--> Kartalspor --[country]--> turkiye
pattern_a_team_country,Which country is the team of Fahri Tatan in?,turkiye,Q178148,Fahri Tatan,Q1170018,Kartalspor,Q43,turkiye,Fahri Tatan --[member of sports team]--> Kartalspor --[country]--> turkiye
pattern_a_team_country,Which country is the team of Mehmet Uslu in?,turkiye,Q1795846,Mehmet Uslu,Q1170018,Kartalspor,Q43,turkiye,Mehmet Uslu --[member of sports team]--> Kartalspor --[country]--> turkiye
pattern_a_team_country,Which country is the team of mehmet al in?,turkiye,Q1917306,mehmet al,Q1170018,Kartalspor,Q43,turkiye,mehmet al --[member of sports team]--> Kartalspor --[country]--> turkiye
pattern_a_team_country,Which country is the team of Mehmet Turkmehmet in?,turkiye,Q1917362,Mehmet Turkmehmet,Q1170018,Kartalspor,Q43,turkiye,Mehmet Turkmehmet --[member of sports team]--> Kartalspor --[country]--> turkiye
pattern_a_team_country,Which country is the team of Muhammed Türkmen in?,turkiye,Q1951914,Muhammed Türkmen,Q1170018,Kartalspor,Q43,turkiye,Muhammed Türkmen --[member of sports team]--> Kartalspor --[country]--> turkiye
pattern_a_team_country,Which country is the team of olgay coskun in?,turkiye,Q2019770,olgay coskun,Q1170018,Kartalspor,Q43,turkiye,olgay coskun --[member of sports team]--> Kartalspor --[country]--> turkiye
pattern_a_team_country,Which country is the team of oğuz dağlaroğlu in?,turkiye,Q2043168,oğuz dağlaroğlu,Q1170018,Kartalspor,Q43,turkiye,oğuz dağlaroğlu --[member of sports team]--> Kartalspor --[country]--> turkiye
pattern_a_team_country,Which country is the team of emrullah güvenç in?,turkiye,Q2085193,emrullah güvenç,Q1170018,Kartalspor,Q43,turkiye,emrullah güvenç --[member of sports team]--> Kartalspor --[country]--> turkiye
pattern_a_team_country,Which country is the team of volkan demirel in?,turkiye,Q209992,volkan demirel,Q1170018,Kartalspor,Q43,turkiye,volkan demirel --[member of sports team]--> Kartalspor --[country]--> turkiye
pattern_a_team_country,Which country is the team of serkan ozsoy in?,turkiye,Q2273768,serkan ozsoy,Q1170018,Kartalspor,Q43,turkiye,serkan ozsoy --[member of sports team]--> Kartalspor --[country]--> turkiye
pattern_a_team_country,Which country is the team of ugur akdemir in?,turkiye,Q2505079,ugur akdemir,Q1170018,Kartalspor,Q43,turkiye,ugur akdemir --[member of sports team]--> Kartalspor --[country]--> turkiye
pattern_a_team_country,Which country is the team of erman özgür in?,turkiye,Q2542760,erman özgür,Q1170018,Kartalspor,Q43,turkiye,erman özgür --[member of sports team]--> Kartalspor --[country]--> turkiye
pattern_a_team_country,Which country is the team of erdem özgenç in?,turkiye,Q281384,erdem özgenç,Q1170018,Kartalspor,Q43,turkiye,erdem özgenç --[member of sports team]--> Kartalspor --[country]--> turkiye
pattern_a_team_country,Which country is the team of yasin celik in?,turkiye,Q2856378,yasin celik,Q1170018,Kartalspor,Q43,turkiye,yasin celik --[member of sports team]--> Kartalspor --[country]--> turkiye
pattern_a_team_country,Which country is the team of Murat Onur in?,turkiye,Q2947435,Murat Onur,Q1170018,Kartalspor,Q43,turkiye,Murat Onur --[member of sports team]--> Kartalspor --[country]--> turkiye
pattern_a_team_country,Which country is the team of Onder Cengel in?,turkiye,Q297605,Onder Cengel,Q1170018,Kartalspor,Q43,turkiye,Onder Cengel --[member of sports team]--> Kartalspor --[country]--> turkiye
pattern_a_team_country,Which country is the team of ozden onguen in?,turkiye,Q307761,ozden onguen,Q1170018,Kartalspor,Q43,turkiye,ozden onguen --[member of sports team]--> Kartalspor --[country]--> turkiye
pattern_a_team_country,Which country is the team of Abdullah Karmil in?,turkiye,Q317678,Abdullah Karmil,Q1170018,Kartalspor,Q43,turkiye,Abdullah Karmil --[member of sports team]--> Kartalspor --[country]--> turkiye
pattern_a_team_country,Which country is the team of Umit Tutunci in?,turkiye,Q334864,Umit Tutunci,Q1170018,Kartalspor,Q43,turkiye,Umit Tutunci --[member of sports team]--> Kartalspor --[country]--> turkiye
pattern_a_team_country,Which country is the team of Iskender Alın in?,turkiye,Q344050,Iskender Alın,Q1170018,Kartalspor,Q43,turkiye,Iskender Alın --[member of sports team]--> Kartalspor --[country]--> turkiye
pattern_a_team_country,Which country is the team of Ayibogan in?,turkiye,Q347327,Ayibogan,Q1170018,Kartalspor,Q43,turkiye,Ayibogan --[member of sports team]--> Kartalspor --[country]--> turkiye
pattern_a_team_country,Which country is the team of adem sari in?,turkiye,Q355687,adem sari,Q1170018,Kartalspor,Q43,turkiye,adem sari --[member of sports team]--> Kartalspor --[country]--> turkiye
pattern_a_team_country,Which country is the team of Erhan Senturk in?,turkiye,Q433099,Erhan Senturk,Q1170018,Kartalspor,Q43,turkiye,Erhan Senturk --[member of sports team]--> Kartalspor --[country]--> turkiye
pattern_a_team_country,Which country is the team of Cahit Paşa in?,turkiye,Q5017432,Cahit Paşa,Q1170018,Kartalspor,Q43,turkiye,Cahit Paşa --[member of sports team]--> Kartalspor --[country]--> turkiye
pattern_a_team_country,Which country is the team of Kürşat Duymuş in?,turkiye,Q523813,Kürşat Duymuş,Q1170018,Kartalspor,Q43,turkiye,Kürşat Duymuş --[member of sports team]--> Kartalspor --[country]--> turkiye
pattern_a_team_country,Which country is the team of Ender Alkan in?,turkiye,Q5376054,Ender Alkan,Q1170018,Kartalspor,Q43,turkiye,Ender Alkan --[member of sports team]--> Kartalspor --[country]--> turkiye
pattern_a_team_country,Which country is the team of Arif Şahin in?,turkiye,Q547786,Arif Şahin,Q1170018,Kartalspor,Q43,turkiye,Arif Şahin --[member of sports team]--> Kartalspor --[country]--> turkiye
pattern_a_team_country,Which country is the team of guven guneri in?,turkiye,Q5627176,guven guneri,Q1170018,Kartalspor,Q43,turkiye,guven guneri --[member of sports team]--> Kartalspor --[country]--> turkiye
pattern_a_team_country,Which country is the team of berkin kamil aslan in?,turkiye,Q588864,berkin kamil aslan,Q1170018,Kartalspor,Q43,turkiye,berkin kamil aslan --[member of sports team]--> Kartalspor --[country]--> turkiye
pattern_a_team_country,Which country is the team of olcay çetinkaya in?,turkiye,Q6019806,olcay çetinkaya,Q1170018,Kartalspor,Q43,turkiye,olcay çetinkaya --[member of sports team]--> Kartalspor --[country]--> turkiye
pattern_a_team_country,Which country is the team of Hasan Ozer in?,turkiye,Q6091261,Hasan Ozer,Q1170018,Kartalspor,Q43,turkiye,Hasan Ozer --[member of sports team]--> Kartalspor --[country]--> turkiye
pattern_a_team_country,Which country is the team of hasan vezir in?,turkiye,Q6094502,hasan vezir,Q1170018,Kartalspor,Q43,turkiye,hasan vezir --[member of sports team]--> Kartalspor --[country]--> turkiye
pattern_a_team_country,Which country is the team of Atilla Koca in?,turkiye,Q612897,Atilla Koca,Q1170018,Kartalspor,Q43,turkiye,Atilla Koca --[member of sports team]--> Kartalspor --[country]--> turkiye
pattern_a_team_country,"Which country is the team of Adın, Olcan in?",turkiye,Q651954,"Adın, Olcan",Q1170018,Kartalspor,Q43,turkiye,"Adın, Olcan --[member of sports team]--> Kartalspor --[country]--> turkiye"
pattern_a_team_country,Which country is the team of erhan kavak in?,turkiye,Q692105,erhan kavak,Q1170018,Kartalspor,Q43,turkiye,erhan kavak --[member of sports team]--> Kartalspor --[country]--> turkiye
pattern_a_team_country,Which country is the team of rıza şen in?,turkiye,Q7386936,rıza şen,Q1170018,Kartalspor,Q43,turkiye,rıza şen --[member of sports team]--> Kartalspor --[country]--> turkiye
pattern_a_team_country,Which country is the team of Oguz Sabankay in?,turkiye,Q740321,Oguz Sabankay,Q1170018,Kartalspor,Q43,turkiye,Oguz Sabankay --[member of sports team]--> Kartalspor --[country]--> turkiye
pattern_a_team_country,Which country is the team of sezer sezgin in?,turkiye,Q7459445,sezer sezgin,Q1170018,Kartalspor,Q43,turkiye,sezer sezgin --[member of sports team]--> Kartalspor --[country]--> turkiye
pattern_a_team_country,Which country is the team of Tayfun Seven in?,turkiye,Q7689784,Tayfun Seven,Q1170018,Kartalspor,Q43,turkiye,Tayfun Seven --[member of sports team]--> Kartalspor --[country]--> turkiye
pattern_a_team_country,Which country is the team of umut kekilli in?,turkiye,Q7881870,umut kekilli,Q1170018,Kartalspor,Q43,turkiye,umut kekilli --[member of sports team]--> Kartalspor --[country]--> turkiye
pattern_a_team_country,Which country is the team of Ugur Erdogan in?,turkiye,Q7905376,Ugur Erdogan,Q1170018,Kartalspor,Q43,turkiye,Ugur Erdogan --[member of sports team]--> Kartalspor --[country]--> turkiye
pattern_a_team_country,Which country is the team of yağız göktuğ taşbulak in?,turkiye,Q8050673,yağız göktuğ taşbulak,Q1170018,Kartalspor,Q43,turkiye,yağız göktuğ taşbulak --[member of sports team]--> Kartalspor --[country]--> turkiye
pattern_a_team_country,Which country is the team of Volkan Ekici in?,turkiye,Q819832,Volkan Ekici,Q1170018,Kartalspor,Q43,turkiye,Volkan Ekici --[member of sports team]--> Kartalspor --[country]--> turkiye
pattern_a_team_country,Which country is the team of Eser Yağmur in?,turkiye,Q820148,Eser Yağmur,Q1170018,Kartalspor,Q43,turkiye,Eser Yağmur --[member of sports team]--> Kartalspor --[country]--> turkiye
pattern_a_team_country,"Which country is the team of selçuk şahin (footballer, born 1983) in?",turkiye,Q823959,"selçuk şahin (footballer, born 1983)",Q1170018,Kartalspor,Q43,turkiye,"selçuk şahin (footballer, born 1983) --[member of sports team]--> Kartalspor --[country]--> turkiye"
pattern_a_team_country,Which country is the team of yavuz özkan (footballer) in?,turkiye,Q946415,yavuz özkan (footballer),Q1170018,Kartalspor,Q43,turkiye,yavuz özkan (footballer) --[member of sports team]--> Kartalspor --[country]--> turkiye
pattern_a_team_country,Which country is the team of mahmut ertugrul taskiran in?,turkiye,Q947940,mahmut ertugrul taskiran,Q1170018,Kartalspor,Q43,turkiye,mahmut ertugrul taskiran --[member of sports team]--> Kartalspor --[country]--> turkiye
pattern_a_team_country,Which country is the team of Irfan Buz in?,turkiye,Q15979745,Irfan Buz,Q1187762,i̇stanbul maltepespor,Q43,turkiye,Irfan Buz --[member of sports team]--> i̇stanbul maltepespor --[country]--> turkiye
pattern_a_team_country,Which country is the team of Senyil Mehmet Kutay in?,turkiye,Q2567113,Senyil Mehmet Kutay,Q1187762,i̇stanbul maltepespor,Q43,turkiye,Senyil Mehmet Kutay --[member of sports team]--> i̇stanbul maltepespor --[country]--> turkiye
pattern_a_team_country,Which country is the team of erdem özgenç in?,turkiye,Q281384,erdem özgenç,Q1187762,i̇stanbul maltepespor,Q43,turkiye,erdem özgenç --[member of sports team]--> i̇stanbul maltepespor --[country]--> turkiye
pattern_a_team_country,Which country is the team of Bülent Uzun in?,turkiye,Q5005287,Bülent Uzun,Q1187762,i̇stanbul maltepespor,Q43,turkiye,Bülent Uzun --[member of sports team]--> i̇stanbul maltepespor --[country]--> turkiye
pattern_a_team_country,Which country is the team of Ender Alkan in?,turkiye,Q5376054,Ender Alkan,Q1187762,i̇stanbul maltepespor,Q43,turkiye,Ender Alkan --[member of sports team]--> i̇stanbul maltepespor --[country]--> turkiye
pattern_a_team_country,Which country is the team of Aykut Akgün in?,turkiye,Q543710,Aykut Akgün,Q1187762,i̇stanbul maltepespor,Q43,turkiye,Aykut Akgün --[member of sports team]--> i̇stanbul maltepespor --[country]--> turkiye
pattern_a_team_country,Which country is the team of Engin Baytar in?,turkiye,Q555091,Engin Baytar,Q1187762,i̇stanbul maltepespor,Q43,turkiye,Engin Baytar --[member of sports team]--> i̇stanbul maltepespor --[country]--> turkiye
pattern_a_team_country,Which country is the team of guven guneri in?,turkiye,Q5627176,guven guneri,Q1187762,i̇stanbul maltepespor,Q43,turkiye,guven guneri --[member of sports team]--> i̇stanbul maltepespor --[country]--> turkiye
pattern_a_team_country,Which country is the team of mehmet budak in?,turkiye,Q10397140,mehmet budak,Q118919,eyüp sk,Q43,turkiye,mehmet budak --[member of sports team]--> eyüp sk --[country]--> turkiye
pattern_a_team_country,Which country is the team of Fatih Ozturk Trabzonspor in?,turkiye,Q13256507,Fatih Ozturk Trabzonspor,Q118919,eyüp sk,Q43,turkiye,Fatih Ozturk Trabzonspor --[member of sports team]--> eyüp sk --[country]--> turkiye
pattern_a_team_country,Which country is the team of emre toraman in?,turkiye,Q1339601,emre toraman,Q118919,eyüp sk,Q43,turkiye,emre toraman --[member of sports team]--> eyüp sk --[country]--> turkiye
pattern_a_team_country,Which country is the team of Emrullah Salk in?,turkiye,Q1339619,Emrullah Salk,Q118919,eyüp sk,Q43,turkiye,Emrullah Salk --[member of sports team]--> eyüp sk --[country]--> turkiye
pattern_a_team_country,Which country is the team of Eren Aydin in?,turkiye,Q1349995,Eren Aydin,Q118919,eyüp sk,Q43,turkiye,Eren Aydin --[member of sports team]--> eyüp sk --[country]--> turkiye
pattern_a_team_country,Which country is the team of evren özyiğit in?,turkiye,Q1382648,evren özyiğit,Q118919,eyüp sk,Q43,turkiye,evren özyiğit --[member of sports team]--> eyüp sk --[country]--> turkiye
pattern_a_team_country,Which country is the team of kâmil altan in?,turkiye,Q16145548,kâmil altan,Q118919,eyüp sk,Q43,turkiye,kâmil altan --[member of sports team]--> eyüp sk --[country]--> turkiye
pattern_a_team_country,Which country is the team of volkan arslan in?,turkiye,Q1726558,volkan arslan,Q118919,eyüp sk,Q43,turkiye,volkan arslan --[member of sports team]--> eyüp sk --[country]--> turkiye
pattern_a_team_country,Which country is the team of mehmet aksu in?,turkiye,Q19975561,mehmet aksu,Q118919,eyüp sk,Q43,turkiye,mehmet aksu --[member of sports team]--> eyüp sk --[country]--> turkiye
pattern_a_team_country,Which country is the team of Okan Salmaz in?,turkiye,Q2017096,Okan Salmaz,Q118919,eyüp sk,Q43,turkiye,Okan Salmaz --[member of sports team]--> eyüp sk --[country]--> turkiye
pattern_a_team_country,Which country is the team of sezgin coskun in?,turkiye,Q2276014,sezgin coskun,Q118919,eyüp sk,Q43,turkiye,sezgin coskun --[member of sports team]--> eyüp sk --[country]--> turkiye
pattern_a_team_country,Which country is the team of Soner Ornek in?,turkiye,Q2301324,Soner Ornek,Q118919,eyüp sk,Q43,turkiye,Soner Ornek --[member of sports team]--> eyüp sk --[country]--> turkiye
pattern_a_team_country,Which country is the team of ali beratlıgil in?,turkiye,Q2479819,ali beratlıgil,Q118919,eyüp sk,Q43,turkiye,ali beratlıgil --[member of sports team]--> eyüp sk --[country]--> turkiye
pattern_a_team_country,Which country is the team of murat gürbüzerol in?,turkiye,Q264106,murat gürbüzerol,Q118919,eyüp sk,Q43,turkiye,murat gürbüzerol --[member of sports team]--> eyüp sk --[country]--> turkiye
pattern_a_team_country,Which country is the team of Hasan Ali Durtuluk in?,turkiye,Q283012,Hasan Ali Durtuluk,Q118919,eyüp sk,Q43,turkiye,Hasan Ali Durtuluk --[member of sports team]--> eyüp sk --[country]--> turkiye
pattern_a_team_country,Which country is the team of Onder Cengel in?,turkiye,Q297605,Onder Cengel,Q118919,eyüp sk,Q43,turkiye,Onder Cengel --[member of sports team]--> eyüp sk --[country]--> turkiye
pattern_a_team_country,Which country is the team of İlyas Kahraman in?,turkiye,Q3148834,İlyas Kahraman,Q118919,eyüp sk,Q43,turkiye,İlyas Kahraman --[member of sports team]--> eyüp sk --[country]--> turkiye
pattern_a_team_country,Which country is the team of güven cavus in?,turkiye,Q3318570,güven cavus,Q118919,eyüp sk,Q43,turkiye,güven cavus --[member of sports team]--> eyüp sk --[country]--> turkiye
pattern_a_team_country,Which country is the team of Ender Günlü in?,turkiye,Q3525305,Ender Günlü,Q118919,eyüp sk,Q43,turkiye,Ender Günlü --[member of sports team]--> eyüp sk --[country]--> turkiye
pattern_a_team_country,Which country is the team of Ahmet Dursun in?,turkiye,Q401817,Ahmet Dursun,Q118919,eyüp sk,Q43,turkiye,Ahmet Dursun --[member of sports team]--> eyüp sk --[country]--> turkiye
pattern_a_team_country,Which country is the team of Ahmet Görkem Görk in?,turkiye,Q401848,Ahmet Görkem Görk,Q118919,eyüp sk,Q43,turkiye,Ahmet Görkem Görk --[member of sports team]--> eyüp sk --[country]--> turkiye
pattern_a_team_country,Which country is the team of ahmet saglam in?,turkiye,Q401921,ahmet saglam,Q118919,eyüp sk,Q43,turkiye,ahmet saglam --[member of sports team]--> eyüp sk --[country]--> turkiye
pattern_a_team_country,Which country is the team of Furkan Aydin in?,turkiye,Q444853,Furkan Aydin,Q118919,eyüp sk,Q43,turkiye,Furkan Aydin --[member of sports team]--> eyüp sk --[country]--> turkiye
pattern_a_team_country,Which country is the team of altan aksoy in?,turkiye,Q4736141,altan aksoy,Q118919,eyüp sk,Q43,turkiye,altan aksoy --[member of sports team]--> eyüp sk --[country]--> turkiye
