question_type,question,answer,player_id,player_name,club_id,club_name,venue_id,venue_name,reasoning_path
pattern_c_team_home_venue,What is the home venue of the team of Bulut Basmaz?,elazığ atatürk stadium,Q1004726,Bulut Basmaz,Q1127498,sanica boru elâzığspor,Q1325035,elazığ atatürk stadium,Bulut Basmaz --[member of sports team]--> sanica boru elâzığspor --[home venue]--> elazığ atatürk stadium
pattern_c_team_home_venue,What is the home venue of the team of i̇lker erbay?,elazığ atatürk stadium,Q10434601,i̇lker erbay,Q1127498,sanica boru elâzığspor,Q1325035,elazığ atatürk stadium,i̇lker erbay --[member of sports team]--> sanica boru elâzığspor --[home venue]--> elazığ atatürk stadium
pattern_c_team_home_venue,What is the home venue of the team of Yunus Altun?,elazığ atatürk stadium,Q10507034,Yunus Altun,Q1127498,sanica boru elâzığspor,Q1325035,elazığ atatürk stadium,Yunus Altun --[member of sports team]--> sanica boru elâzığspor --[home venue]--> elazığ atatürk stadium
pattern_c_team_home_venue,What is the home venue of the team of deniz aslan?,elazığ atatürk stadium,Q1187832,deniz aslan,Q1127498,sanica boru elâzığspor,Q1325035,elazığ atatürk stadium,deniz aslan --[member of sports team]--> sanica boru elâzığspor --[home venue]--> elazığ atatürk stadium
pattern_c_team_home_venue,What is the home venue of the team of Murat Kayalı?,elazığ atatürk stadium,Q1230804,Murat Kayalı,Q1127498,sanica boru elâzığspor,Q1325035,elazığ atatürk stadium,Murat Kayalı --[member of sports team]--> sanica boru elâzığspor --[home venue]--> elazığ atatürk stadium
pattern_c_team_home_venue,What is the home venue of the team of gokhan emreciksin?,elazığ atatürk stadium,Q1253508,gokhan emreciksin,Q1127498,sanica boru elâzığspor,Q1325035,elazığ atatürk stadium,gokhan emreciksin --[member of sports team]--> sanica boru elâzığspor --[home venue]--> elazığ atatürk stadium
pattern_c_team_home_venue,What is the home venue of the team of alper kalemci?,elazığ atatürk stadium,Q1268421,alper kalemci,Q1127498,sanica boru elâzığspor,Q1325035,elazığ atatürk stadium,alper kalemci --[member of sports team]--> sanica boru elâzığspor --[home venue]--> elazığ atatürk stadium
pattern_c_team_home_venue,What is the home venue of the team of Murat Akyuez?,elazığ atatürk stadium,Q1290838,Murat Akyuez,Q1127498,sanica boru elâzığspor,Q1325035,elazığ atatürk stadium,Murat Akyuez --[member of sports team]--> sanica boru elâzığspor --[home venue]--> elazığ atatürk stadium
pattern_c_team_home_venue,What is the home venue of the team of Erdinc Yavuz?,elazığ atatürk stadium,Q1349279,Erdinc Yavuz,Q1127498,sanica boru elâzığspor,Q1325035,elazığ atatürk stadium,Erdinc Yavuz --[member of sports team]--> sanica boru elâzığspor --[home venue]--> elazığ atatürk stadium
pattern_c_team_home_venue,What is the home venue of the team of Eren Aydin?,elazığ atatürk stadium,Q1349995,Eren Aydin,Q1127498,sanica boru elâzığspor,Q1325035,elazığ atatürk stadium,Eren Aydin --[member of sports team]--> sanica boru elâzığspor --[home venue]--> elazığ atatürk stadium
pattern_c_team_home_venue,What is the home venue of the team of Sinan Kaloglu?,elazığ atatürk stadium,Q1396846,Sinan Kaloglu,Q1127498,sanica boru elâzığspor,Q1325035,elazığ atatürk stadium,Sinan Kaloglu --[member of sports team]--> sanica boru elâzığspor --[home venue]--> elazığ atatürk stadium
pattern_c_team_home_venue,What is the home venue of the team of goksu turkdogan?,elazığ atatürk stadium,Q1401074,goksu turkdogan,Q1127498,sanica boru elâzığspor,Q1325035,elazığ atatürk stadium,goksu turkdogan --[member of sports team]--> sanica boru elâzığspor --[home venue]--> elazığ atatürk stadium
pattern_c_team_home_venue,What is the home venue of the team of Ferhat Odabaşı?,elazığ atatürk stadium,Q1406254,Ferhat Odabaşı,Q1127498,sanica boru elâzığspor,Q1325035,elazığ atatürk stadium,Ferhat Odabaşı --[member of sports team]--> sanica boru elâzığspor --[home venue]--> elazığ atatürk stadium
pattern_c_team_home_venue,What is the home venue of the team of Yavuz Eraydin?,elazığ atatürk stadium,Q1419830,Yavuz Eraydin,Q1127498,sanica boru elâzığspor,Q1325035,elazığ atatürk stadium,Yavuz Eraydin --[member of sports team]--> sanica boru elâzığspor --[home venue]--> elazığ atatürk stadium
pattern_c_team_home_venue,What is the home venue of the team of erol erdal alkan?,elazığ atatürk stadium,Q15651896,erol erdal alkan,Q1127498,sanica boru elâzığspor,Q1325035,elazığ atatürk stadium,erol erdal alkan --[member of sports team]--> sanica boru elâzığspor --[home venue]--> elazığ atatürk stadium
pattern_c_team_home_venue,What is the home venue of the team of hasan hakan hacıbektaşoğlu?,elazığ atatürk stadium,Q1569824,hasan hakan hacıbektaşoğlu,Q1127498,sanica boru elâzığspor,Q1325035,elazığ atatürk stadium,hasan hakan hacıbektaşoğlu --[member of sports team]--> sanica boru elâzığspor --[home venue]--> elazığ atatürk stadium
pattern_c_team_home_venue,What is the home venue of the team of hakan söyler?,elazığ atatürk stadium,Q1569840,hakan söyler,Q1127498,sanica boru elâzığspor,Q1325035,elazığ atatürk stadium,hakan söyler --[member of sports team]--> sanica boru elâzığspor --[home venue]--> elazığ atatürk stadium
pattern_c_team_home_venue,What is the home venue of the team of halil akbunar?,elazığ atatürk stadium,Q1571109,halil akbunar,Q1127498,sanica boru elâzığspor,Q1325035,elazığ atatürk stadium,halil akbunar --[member of sports team]--> sanica boru elâzığspor --[home venue]--> elazığ atatürk stadium
pattern_c_team_home_venue,What is the home venue of the team of çağlayan alpsatan?,elazığ atatürk stadium,Q15855969,çağlayan alpsatan,Q1127498,sanica boru elâzığspor,Q1325035,elazığ atatürk stadium,çağlayan alpsatan --[member of sports team]--> sanica boru elâzığspor --[home venue]--> elazığ atatürk stadium
pattern_c_team_home_venue,What is the home venue of the team of muhammed ali doğan?,elazığ atatürk stadium,Q15879323,muhammed ali doğan,Q1127498,sanica boru elâzığspor,Q1325035,elazığ atatürk stadium,muhammed ali doğan --[member of sports team]--> sanica boru elâzığspor --[home venue]--> elazığ atatürk stadium
pattern_c_team_home_venue,What is the home venue of the team of Veysel Aksu?,elazığ atatürk stadium,Q1622596,Veysel Aksu,Q1127498,sanica boru elâzığspor,Q1325035,elazığ atatürk stadium,Veysel Aksu --[member of sports team]--> sanica boru elâzığspor --[home venue]--> elazığ atatürk stadium
pattern_c_team_home_venue,What is the home venue of the team of Muhammet Akyildiz?,elazığ atatürk stadium,Q16909049,Muhammet Akyildiz,Q1127498,sanica boru elâzığspor,Q1325035,elazığ atatürk stadium,Muhammet Akyildiz --[member of sports team]--> sanica boru elâzığspor --[home venue]--> elazığ atatürk stadium
pattern_c_team_home_venue,What is the home venue of the team of kemal tokak?,elazığ atatürk stadium,Q1699998,kemal tokak,Q1127498,sanica boru elâzığspor,Q1325035,elazığ atatürk stadium,kemal tokak --[member of sports team]--> sanica boru elâzığspor --[home venue]--> elazığ atatürk stadium
pattern_c_team_home_venue,What is the home venue of the team of Köksal Yedek?,elazığ atatürk stadium,Q1748946,Köksal Yedek,Q1127498,sanica boru elâzığspor,Q1325035,elazığ atatürk stadium,Köksal Yedek --[member of sports team]--> sanica boru elâzığspor --[home venue]--> elazığ atatürk stadium
pattern_c_team_home_venue,What is the home venue of the team of çağlar şahin akbaba?,elazığ atatürk stadium,Q18030084,çağlar şahin akbaba,Q1127498,sanica boru elâzığspor,Q1325035,elazığ atatürk stadium,çağlar şahin akbaba --[member of sports team]--> sanica boru elâzığspor --[home venue]--> elazığ atatürk stadium
pattern_c_team_home_venue,"What is the home venue of the team of Kilinc, David?",elazığ atatürk stadium,Q18411280,"Kilinc, David",Q1127498,sanica boru elâzığspor,Q1325035,elazığ atatürk stadium,"Kilinc, David --[member of sports team]--> sanica boru elâzığspor --[home venue]--> elazığ atatürk stadium"
pattern_c_team_home_venue,What is the home venue of the team of Zeki Korkmaz?,elazığ atatürk stadium,Q187264,Zeki Korkmaz,Q1127498,sanica boru elâzığspor,Q1325035,elazığ atatürk stadium,Zeki Korkmaz --[member of sports team]--> sanica boru elâzığspor --[home venue]--> elazığ atatürk stadium
pattern_c_team_home_venue,What is the home venue of the team of mehmet al?,elazığ atatürk stadium,Q1917306,mehmet al,Q1127498,sanica boru elâzığspor,Q1325035,elazığ atatürk stadium,mehmet al --[member of sports team]--> sanica boru elâzığspor --[home venue]--> elazığ atatürk stadium
pattern_c_team_home_venue,What is the home venue of the team of Mehmet Turkmehmet?,elazığ atatürk stadium,Q1917362,Mehmet Turkmehmet,Q1127498,sanica boru elâzığspor,Q1325035,elazığ atatürk stadium,Mehmet Turkmehmet --[member of sports team]--> sanica boru elâzığspor --[home venue]--> elazığ atatürk stadium
pattern_c_team_home_venue,What is the home venue of the team of sözgelmez?,elazığ atatürk stadium,Q1953556,sözgelmez,Q1127498,sanica boru elâzığspor,Q1325035,elazığ atatürk stadium,sözgelmez --[member of sports team]--> sanica boru elâzığspor --[home venue]--> elazığ atatürk stadium
pattern_c_team_home_venue,What is the home venue of the team of miško mirkovic?,elazığ atatürk stadium,Q1985766,miško mirkovic,Q1127498,sanica boru elâzığspor,Q1325035,elazığ atatürk stadium,miško mirkovic --[member of sports team]--> sanica boru elâzığspor --[home venue]--> elazığ atatürk stadium
pattern_c_team_home_venue,What is the home venue of the team of Kulbilge?,elazığ atatürk stadium,Q2000793,Kulbilge,Q1127498,sanica boru elâzığspor,Q1325035,elazığ atatürk stadium,Kulbilge --[member of sports team]--> sanica boru elâzığspor --[home venue]--> elazığ atatürk stadium
pattern_c_team_home_venue,What is the home venue of the team of nurullah saglam?,elazığ atatürk stadium,Q2005435,nurullah saglam,Q1127498,sanica boru elâzığspor,Q1325035,elazığ atatürk stadium,nurullah saglam --[member of sports team]--> sanica boru elâzığspor --[home venue]--> elazığ atatürk stadium
pattern_c_team_home_venue,What is the home venue of the team of oguzhan bahadir?,elazığ atatürk stadium,Q2043180,oguzhan bahadir,Q1127498,sanica boru elâzığspor,Q1325035,elazığ atatürk stadium,oguzhan bahadir --[member of sports team]--> sanica boru elâzığspor --[home venue]--> elazığ atatürk stadium
pattern_c_team_home_venue,What is the home venue of the team of Richard Kingson?,elazığ atatürk stadium,Q217097,Richard Kingson,Q1127498,sanica boru elâzığspor,Q1325035,elazığ atatürk stadium,Richard Kingson --[member of sports team]--> sanica boru elâzığspor --[home venue]--> elazığ atatürk stadium
pattern_c_team_home_venue,What is the home venue of the team of Bahadir Ozturk?,elazığ atatürk stadium,Q22342693,Bahadir Ozturk,Q1127498,sanica boru elâzığspor,Q1325035,elazığ atatürk stadium,Bahadir Ozturk --[member of sports team]--> sanica boru elâzığspor --[home venue]--> elazığ atatürk stadium
pattern_c_team_home_venue,"What is the home venue of the team of ağçay, sedat?",elazığ atatürk stadium,Q2264245,"ağçay, sedat",Q1127498,sanica boru elâzığspor,Q1325035,elazığ atatürk stadium,"ağçay, sedat --[member of sports team]--> sanica boru elâzığspor --[home venue]--> elazığ atatürk stadium"
pattern_c_team_home_venue,What is the home venue of the team of tolga özgen?,elazığ atatürk stadium,Q2439273,tolga özgen,Q1127498,sanica boru elâzığspor,Q1325035,elazığ atatürk stadium,tolga özgen --[member of sports team]--> sanica boru elâzığspor --[home venue]--> elazığ atatürk stadium
pattern_c_team_home_venue,What is the home venue of the team of zulkuf ozer?,elazığ atatürk stadium,Q248064,zulkuf ozer,Q1127498,sanica boru elâzığspor,Q1325035,elazığ atatürk stadium,zulkuf ozer --[member of sports team]--> sanica boru elâzığspor --[home venue]--> elazığ atatürk stadium
pattern_c_team_home_venue,What is the home venue of the team of Volkan Yilmaz?,elazığ atatürk stadium,Q2530816,Volkan Yilmaz,Q1127498,sanica boru elâzığspor,Q1325035,elazığ atatürk stadium,Volkan Yilmaz --[member of sports team]--> sanica boru elâzığspor --[home venue]--> elazığ atatürk stadium
pattern_c_team_home_venue,What is the home venue of the team of Yusuf Kurtulus?,elazığ atatürk stadium,Q2541960,Yusuf Kurtulus,Q1127498,sanica boru elâzığspor,Q1325035,elazığ atatürk stadium,Yusuf Kurtulus --[member of sports team]--> sanica boru elâzığspor --[home venue]--> elazığ atatürk stadium
pattern_c_team_home_venue,What is the home venue of the team of ali gutda gokdemir?,elazığ atatürk stadium,Q2619059,ali gutda gokdemir,Q1127498,sanica boru elâzığspor,Q1325035,elazığ atatürk stadium,ali gutda gokdemir --[member of sports team]--> sanica boru elâzığspor --[home venue]--> elazığ atatürk stadium
pattern_c_team_home_venue,What is the home venue of the team of cağlar birinci?,elazığ atatürk stadium,Q272734,cağlar birinci,Q1127498,sanica boru elâzığspor,Q1325035,elazığ atatürk stadium,cağlar birinci --[member of sports team]--> sanica boru elâzığspor --[home venue]--> elazığ atatürk stadium
pattern_c_team_home_venue,What is the home venue of the team of Mehmet Nas?,elazığ atatürk stadium,Q277944,Mehmet Nas,Q1127498,sanica boru elâzığspor,Q1325035,elazığ atatürk stadium,Mehmet Nas --[member of sports team]--> sanica boru elâzığspor --[home venue]--> elazığ atatürk stadium
pattern_c_team_home_venue,What is the home venue of the team of sedat bayrak?,elazığ atatürk stadium,Q278065,sedat bayrak,Q1127498,sanica boru elâzığspor,Q1325035,elazığ atatürk stadium,sedat bayrak --[member of sports team]--> sanica boru elâzığspor --[home venue]--> elazığ atatürk stadium
pattern_c_team_home_venue,What is the home venue of the team of Ersan Gueluem?,elazığ atatürk stadium,Q283737,Ersan Gueluem,Q1127498,sanica boru elâzığspor,Q1325035,elazığ atatürk stadium,Ersan Gueluem --[member of sports team]--> sanica boru elâzığspor --[home venue]--> elazığ atatürk stadium
pattern_c_team_home_venue,What is the home venue of the team of Onder Cengel?,elazığ atatürk stadium,Q297605,Onder Cengel,Q1127498,sanica boru elâzığspor,Q1325035,elazığ atatürk stadium,Onder Cengel --[member of sports team]--> sanica boru elâzığspor --[home venue]--> elazığ atatürk stadium
pattern_c_team_home_venue,What is the home venue of the team of Özgür Özkaya?,elazığ atatürk stadium,Q307856,Özgür Özkaya,Q1127498,sanica boru elâzığspor,Q1325035,elazığ atatürk stadium,Özgür Özkaya --[member of sports team]--> sanica boru elâzığspor --[home venue]--> elazığ atatürk stadium
pattern_c_team_home_venue,What is the home venue of the team of murat tosun?,elazığ atatürk stadium,Q327428,murat tosun,Q1127498,sanica boru elâzığspor,Q1325035,elazığ atatürk stadium,murat tosun --[member of sports team]--> sanica boru elâzığspor --[home venue]--> elazığ atatürk stadium
pattern_c_team_home_venue,What is the home venue of the team of Mehmet Boztepe?,elazığ atatürk stadium,Q327450,Mehmet Boztepe,Q1127498,sanica boru elâzığspor,Q1325035,elazığ atatürk stadium,Mehmet Boztepe --[member of sports team]--> sanica boru elâzığspor --[home venue]--> elazığ atatürk stadium
pattern_c_team_home_venue,What is the home venue of the team of Aydin Karabulut?,elazığ atatürk stadium,Q327454,Aydin Karabulut,Q1127498,sanica boru elâzığspor,Q1325035,elazığ atatürk stadium,Aydin Karabulut --[member of sports team]--> sanica boru elâzığspor --[home venue]--> elazığ atatürk stadium
pattern_c_team_home_venue,What is the home venue of the team of Umit Tutunci?,elazığ atatürk stadium,Q334864,Umit Tutunci,Q1127498,sanica boru elâzığspor,Q1325035,elazığ atatürk stadium,Umit Tutunci --[member of sports team]--> sanica boru elâzığspor --[home venue]--> elazığ atatürk stadium
pattern_c_team_home_venue,What is the home venue of the team of ibrahim kas?,elazığ atatürk stadium,Q343331,ibrahim kas,Q1127498,sanica boru elâzığspor,Q1325035,elazığ atatürk stadium,ibrahim kas --[member of sports team]--> sanica boru elâzığspor --[home venue]--> elazığ atatürk stadium
pattern_c_team_home_venue,What is the home venue of the team of İlker Avcıbay?,elazığ atatürk stadium,Q343801,İlker Avcıbay,Q1127498,sanica boru elâzığspor,Q1325035,elazığ atatürk stadium,İlker Avcıbay --[member of sports team]--> sanica boru elâzığspor --[home venue]--> elazığ atatürk stadium
pattern_c_team_home_venue,What is the home venue of the team of Adem Alkasi?,elazığ atatürk stadium,Q355630,Adem Alkasi,Q1127498,sanica boru elâzığspor,Q1325035,elazığ atatürk stadium,Adem Alkasi --[member of sports team]--> sanica boru elâzığspor --[home venue]--> elazığ atatürk stadium
pattern_c_team_home_venue,What is the home venue of the team of Ahmet Görkem Görk?,elazığ atatürk stadium,Q401848,Ahmet Görkem Görk,Q1127498,sanica boru elâzığspor,Q1325035,elazığ atatürk stadium,Ahmet Görkem Görk --[member of sports team]--> sanica boru elâzığspor --[home venue]--> elazığ atatürk stadium
pattern_c_team_home_venue,What is the home venue of the team of Ahmet Şahin (footballer)?,elazığ atatürk stadium,Q402016,Ahmet Şahin (footballer),Q1127498,sanica boru elâzığspor,Q1325035,elazığ atatürk stadium,Ahmet Şahin (footballer) --[member of sports team]--> sanica boru elâzığspor --[home venue]--> elazığ atatürk stadium
pattern_c_team_home_venue,What is the home venue of the team of mustafa sarp?,elazığ atatürk stadium,Q426881,mustafa sarp,Q1127498,sanica boru elâzığspor,Q1325035,elazığ atatürk stadium,mustafa sarp --[member of sports team]--> sanica boru elâzığspor --[home venue]--> elazığ atatürk stadium
pattern_c_team_home_venue,What is the home venue of the team of rıdvan şimşek?,elazığ atatürk stadium,Q444822,rıdvan şimşek,Q1127498,sanica boru elâzığspor,Q1325035,elazığ atatürk stadium,rıdvan şimşek --[member of sports team]--> sanica boru elâzığspor --[home venue]--> elazığ atatürk stadium
pattern_c_team_home_venue,What is the home venue of the team of Serdar Gürler?,elazığ atatürk stadium,Q472488,Serdar Gürler,Q1127498,sanica boru elâzığspor,Q1325035,elazığ atatürk stadium,Serdar Gürler --[member of sports team]--> sanica boru elâzığspor --[home venue]--> elazığ atatürk stadium
pattern_c_team_home_venue,What is the home venue of the team of ali olmez?,elazığ atatürk stadium,Q4725333,ali olmez,Q1127498,sanica boru elâzığspor,Q1325035,elazığ atatürk stadium,ali olmez --[member of sports team]--> sanica boru elâzığspor --[home venue]--> elazığ atatürk stadium
pattern_c_team_home_venue,What is the home venue of the team of sezer badur?,elazığ atatürk stadium,Q479643,sezer badur,Q1127498,sanica boru elâzığspor,Q1325035,elazığ atatürk stadium,sezer badur --[member of sports team]--> sanica boru elâzığspor --[home venue]--> elazığ atatürk stadium
pattern_c_team_home_venue,What is the home venue of the team of bulent bal?,elazığ atatürk stadium,Q5005274,bulent bal,Q1127498,sanica boru elâzığspor,Q1325035,elazığ atatürk stadium,bulent bal --[member of sports team]--> sanica boru elâzığspor --[home venue]--> elazığ atatürk stadium
pattern_c_team_home_venue,What is the home venue of the team of bülent ertuğrul?,elazığ atatürk stadium,Q526631,bülent ertuğrul,Q1127498,sanica boru elâzığspor,Q1325035,elazığ atatürk stadium,bülent ertuğrul --[member of sports team]--> sanica boru elâzığspor --[home venue]--> elazığ atatürk stadium
pattern_c_team_home_venue,What is the home venue of the team of erhan namlı?,elazığ atatürk stadium,Q5385859,erhan namlı,Q1127498,sanica boru elâzığspor,Q1325035,elazığ atatürk stadium,erhan namlı --[member of sports team]--> sanica boru elâzığspor --[home venue]--> elazığ atatürk stadium
pattern_c_team_home_venue,What is the home venue of the team of Erman Öncü?,elazığ atatürk stadium,Q5389873,Erman Öncü,Q1127498,sanica boru elâzığspor,Q1325035,elazığ atatürk stadium,Erman Öncü --[member of sports team]--> sanica boru elâzığspor --[home venue]--> elazığ atatürk stadium
pattern_c_team_home_venue,What is the home venue of the team of ertugrul arslan?,elazığ atatürk stadium,Q5395921,ertugrul arslan,Q1127498,sanica boru elâzığspor,Q1325035,elazığ atatürk stadium,ertugrul arslan --[member of sports team]--> sanica boru elâzığspor --[home venue]--> elazığ atatürk stadium
pattern_c_team_home_venue,What is the home venue of the team of Feridun Sungur?,elazığ atatürk stadium,Q5444316,Feridun Sungur,Q1127498,sanica boru elâzığspor,Q1325035,elazığ atatürk stadium,Feridun Sungur --[member of sports team]--> sanica boru elâzığspor --[home venue]--> elazığ atatürk stadium
pattern_c_team_home_venue,What is the home venue of the team of Arif Şahin?,elazığ atatürk stadium,Q547786,Arif Şahin,Q1127498,sanica boru elâzığspor,Q1325035,elazığ atatürk stadium,Arif Şahin --[member of sports team]--> sanica boru elâzığspor --[home venue]--> elazığ atatürk stadium
pattern_c_team_home_venue,What is the home venue of the team of sinan ozkan?,elazığ atatürk stadium,Q550789,sinan ozkan,Q1127498,sanica boru elâzığspor,Q1325035,elazığ atatürk stadium,sinan ozkan --[member of sports team]--> sanica boru elâzığspor --[home venue]--> elazığ atatürk stadium
pattern_c_team_home_venue,What is the home venue of the team of atilla yıldırım?,elazığ atatürk stadium,Q551622,atilla yıldırım,Q1127498,sanica boru elâzığspor,Q1325035,elazığ atatürk stadium,atilla yıldırım --[member of sports team]--> sanica boru elâzığspor --[home venue]--> elazığ atatürk stadium
pattern_c_team_home_venue,What is the home venue of the team of guven guneri?,elazığ atatürk stadium,Q5627176,guven guneri,Q1127498,sanica boru elâzığspor,Q1325035,elazığ atatürk stadium,guven guneri --[member of sports team]--> sanica boru elâzığspor --[home venue]--> elazığ atatürk stadium
pattern_c_team_home_venue,What is the home venue of the team of Serdar Ozkan?,elazığ atatürk stadium,Q577265,Serdar Ozkan,Q1127498,sanica boru elâzığspor,Q1325035,elazığ atatürk stadium,Serdar Ozkan --[member of sports team]--> sanica boru elâzığspor --[home venue]--> elazığ atatürk stadium
pattern_c_team_home_venue,What is the home venue of the team of berk yıldız?,elazığ atatürk stadium,Q6085055,berk yıldız,Q1127498,sanica boru elâzığspor,Q1325035,elazığ atatürk stadium,berk yıldız --[member of sports team]--> sanica boru elâzığspor --[home venue]--> elazığ atatürk stadium
pattern_c_team_home_venue,What is the home venue of the team of Hasan Ozer?,elazığ atatürk stadium,Q6091261,Hasan Ozer,Q1127498,sanica boru elâzığspor,Q1325035,elazığ atatürk stadium,Hasan Ozer --[member of sports team]--> sanica boru elâzığspor --[home venue]--> elazığ atatürk stadium
pattern_c_team_home_venue,What is the home venue of the team of Kemal Ozdes?,elazığ atatürk stadium,Q6095974,Kemal Ozdes,Q1127498,sanica boru elâzığspor,Q1325035,elazığ atatürk stadium,Kemal Ozdes --[member of sports team]--> sanica boru elâzığspor --[home venue]--> elazığ atatürk stadium
pattern_c_team_home_venue,What is the home venue of the team of erman kılıç?,elazığ atatürk stadium,Q617680,erman kılıç,Q1127498,sanica boru elâzığspor,Q1325035,elazığ atatürk stadium,erman kılıç --[member of sports team]--> sanica boru elâzığspor --[home venue]--> elazığ atatürk stadium
pattern_c_team_home_venue,What is the home venue of the team of Tanju Kayhan?,elazığ atatürk stadium,Q634235,Tanju Kayhan,Q1127498,sanica boru elâzığspor,Q1325035,elazığ atatürk stadium,Tanju Kayhan --[member of sports team]--> sanica boru elâzığspor --[home venue]--> elazığ atatürk stadium
pattern_c_team_home_venue,What is the home venue of the team of Korhan Ozturk?,elazığ atatürk stadium,Q6432248,Korhan Ozturk,Q1127498,sanica boru elâzığspor,Q1325035,elazığ atatürk stadium,Korhan Ozturk --[member of sports team]--> sanica boru elâzığspor --[home venue]--> elazığ atatürk stadium
pattern_c_team_home_venue,What is the home venue of the team of Taner Yalcin?,elazığ atatürk stadium,Q690145,Taner Yalcin,Q1127498,sanica boru elâzığspor,Q1325035,elazığ atatürk stadium,Taner Yalcin --[member of sports team]--> sanica boru elâzığspor --[home venue]--> elazığ atatürk stadium
pattern_c_team_home_venue,What is the home venue of the team of Muharrem Uz?,elazığ atatürk stadium,Q6933005,Muharrem Uz,Q1127498,sanica boru elâzığspor,Q1325035,elazığ atatürk stadium,Muharrem Uz --[member of sports team]--> sanica boru elâzığspor --[home venue]--> elazığ atatürk stadium
pattern_c_team_home_venue,What is the home venue of the team of murat selvi?,elazığ atatürk stadium,Q6937424,murat selvi,Q1127498,sanica boru elâzığspor,Q1325035,elazığ atatürk stadium,murat selvi --[member of sports team]--> sanica boru elâzığspor --[home venue]--> elazığ atatürk stadium
pattern_c_team_home_venue,What is the home venue of the team of noyan öz?,elazığ atatürk stadium,Q7067345,noyan öz,Q1127498,sanica boru elâzığspor,Q1325035,elazığ atatürk stadium,noyan öz --[member of sports team]--> sanica boru elâzığspor --[home venue]--> elazığ atatürk stadium
pattern_c_team_home_venue,What is the home venue of the team of Oktay Kuday?,elazığ atatürk stadium,Q7082662,Oktay Kuday,Q1127498,sanica boru elâzığspor,Q1325035,elazığ atatürk stadium,Oktay Kuday --[member of sports team]--> sanica boru elâzığspor --[home venue]--> elazığ atatürk stadium
pattern_c_team_home_venue,What is the home venue of the team of Deniz Yılmaz?,elazığ atatürk stadium,Q71390,Deniz Yılmaz,Q1127498,sanica boru elâzığspor,Q1325035,elazığ atatürk stadium,Deniz Yılmaz --[member of sports team]--> sanica boru elâzığspor --[home venue]--> elazığ atatürk stadium
pattern_c_team_home_venue,What is the home venue of the team of mehmet cakir?,elazığ atatürk stadium,Q725766,mehmet cakir,Q1127498,sanica boru elâzığspor,Q1325035,elazığ atatürk stadium,mehmet cakir --[member of sports team]--> sanica boru elâzığspor --[home venue]--> elazığ atatürk stadium
pattern_c_team_home_venue,What is the home venue of the team of atacan ozturk?,elazığ atatürk stadium,Q753135,atacan ozturk,Q1127498,sanica boru elâzığspor,Q1325035,elazığ atatürk stadium,atacan ozturk --[member of sports team]--> sanica boru elâzığspor --[home venue]--> elazığ atatürk stadium
pattern_c_team_home_venue,What is the home venue of the team of Taner Demirbas?,elazığ atatürk stadium,Q7682558,Taner Demirbas,Q1127498,sanica boru elâzığspor,Q1325035,elazığ atatürk stadium,Taner Demirbas --[member of sports team]--> sanica boru elâzığspor --[home venue]--> elazığ atatürk stadium
pattern_c_team_home_venue,What is the home venue of the team of serdar ozbayraktar?,elazığ atatürk stadium,Q775542,serdar ozbayraktar,Q1127498,sanica boru elâzığspor,Q1325035,elazığ atatürk stadium,serdar ozbayraktar --[member of sports team]--> sanica boru elâzığspor --[home venue]--> elazığ atatürk stadium
pattern_c_team_home_venue,What is the home venue of the team of Onur Ayık?,elazığ atatürk stadium,Q776593,Onur Ayık,Q1127498,sanica boru elâzığspor,Q1325035,elazığ atatürk stadium,Onur Ayık --[member of sports team]--> sanica boru elâzığspor --[home venue]--> elazığ atatürk stadium
pattern_c_team_home_venue,What is the home venue of the team of Batuhan Karadeniz?,elazığ atatürk stadium,Q811050,Batuhan Karadeniz,Q1127498,sanica boru elâzığspor,Q1325035,elazığ atatürk stadium,Batuhan Karadeniz --[member of sports team]--> sanica boru elâzığspor --[home venue]--> elazığ atatürk stadium
pattern_c_team_home_venue,What is the home venue of the team of Eser Yağmur?,elazığ atatürk stadium,Q820148,Eser Yağmur,Q1127498,sanica boru elâzığspor,Q1325035,elazığ atatürk stadium,Eser Yağmur --[member of sports team]--> sanica boru elâzığspor --[home venue]--> elazığ atatürk stadium
pattern_c_team_home_venue,What is the home venue of the team of Murat Kalkan?,elazığ atatürk stadium,Q824377,Murat Kalkan,Q1127498,sanica boru elâzığspor,Q1325035,elazığ atatürk stadium,Murat Kalkan --[member of sports team]--> sanica boru elâzığspor --[home venue]--> elazığ atatürk stadium
pattern_c_team_home_venue,What is the home venue of the team of kenan şahin (footballer)?,elazığ atatürk stadium,Q836130,kenan şahin (footballer),Q1127498,sanica boru elâzığspor,Q1325035,elazığ atatürk stadium,kenan şahin (footballer) --[member of sports team]--> sanica boru elâzığspor --[home venue]--> elazığ atatürk stadium
pattern_c_team_home_venue,What is the home venue of the team of Birol Hikmet?,elazığ atatürk stadium,Q865827,Birol Hikmet,Q1127498,sanica boru elâzığspor,Q1325035,elazığ atatürk stadium,Birol Hikmet --[member of sports team]--> sanica boru elâzığspor --[home venue]--> elazığ atatürk stadium
pattern_c_team_home_venue,What is the home venue of the team of Orkun Uşak?,elazığ atatürk stadium,Q931253,Orkun Uşak,Q1127498,sanica boru elâzığspor,Q1325035,elazığ atatürk stadium,Orkun Uşak --[member of sports team]--> sanica boru elâzığspor --[home venue]--> elazığ atatürk stadium
pattern_c_team_home_venue,What is the home venue of the team of orhan ak?,elazığ atatürk stadium,Q937898,orhan ak,Q1127498,sanica boru elâzığspor,Q1325035,elazığ atatürk stadium,orhan ak --[member of sports team]--> sanica boru elâzığspor --[home venue]--> elazığ atatürk stadium
pattern_c_team_home_venue,What is the home venue of the team of ismail isa mustafa?,elazığ atatürk stadium,Q970212,ismail isa mustafa,Q1127498,sanica boru elâzığspor,Q1325035,elazığ atatürk stadium,ismail isa mustafa --[member of sports team]--> sanica boru elâzığspor --[home venue]--> elazığ atatürk stadium
pattern_c_team_home_venue,What is the home venue of the team of tarik altuntas?,Buca Arena,Q13551313,tarik altuntas,Q12808733,balçova belediyespor,Q997619,Buca Arena,tarik altuntas --[member of sports team]--> balçova belediyespor --[home venue]--> Buca Arena
pattern_c_team_home_venue,What is the home venue of the team of kadir ari?,Buca Arena,Q2382744,kadir ari,Q12808733,balçova belediyespor,Q997619,Buca Arena,kadir ari --[member of sports team]--> balçova belediyespor --[home venue]--> Buca Arena
pattern_c_team_home_venue,What is the home venue of the team of Bulut Basmaz?,Manisa 19 Mayis Stadium,Q1004726,Bulut Basmaz,Q128148,Vestel Manisaspor,Q1507977,Manisa 19 Mayis Stadium,Bulut Basmaz --[member of sports team]--> Vestel Manisaspor --[home venue]--> Manisa 19 Mayis Stadium
pattern_c_team_home_venue,What is the home venue of the team of burak ozsarac?,Manisa 19 Mayis Stadium,Q1010206,burak ozsarac,Q128148,Vestel Manisaspor,Q1507977,Manisa 19 Mayis Stadium,burak ozsarac --[member of sports team]--> Vestel Manisaspor --[home venue]--> Manisa 19 Mayis Stadium
pattern_c_team_home_venue,What is the home venue of the team of Bülent Cevahir?,Manisa 19 Mayis Stadium,Q1020675,Bülent Cevahir,Q128148,Vestel Manisaspor,Q1507977,Manisa 19 Mayis Stadium,Bülent Cevahir --[member of sports team]--> Vestel Manisaspor --[home venue]--> Manisa 19 Mayis Stadium
pattern_c_team_home_venue,What is the home venue of the team of gürol gündüz azer?,Manisa 19 Mayis Stadium,Q10397035,gürol gündüz azer,Q128148,Vestel Manisaspor,Q1507977,Manisa 19 Mayis Stadium,gürol gündüz azer --[member of sports team]--> Vestel Manisaspor --[home venue]--> Manisa 19 Mayis Stadium
pattern_c_team_home_venue,What is the home venue of the team of ömer közen?,Manisa 19 Mayis Stadium,Q10442838,ömer közen,Q128148,Vestel Manisaspor,Q1507977,Manisa 19 Mayis Stadium,ömer közen --[member of sports team]--> Vestel Manisaspor --[home venue]--> Manisa 19 Mayis Stadium
pattern_c_team_home_venue,What is the home venue of the team of cem sultan (footballer)?,Manisa 19 Mayis Stadium,Q1053263,cem sultan (footballer),Q128148,Vestel Manisaspor,Q1507977,Manisa 19 Mayis Stadium,cem sultan (footballer) --[member of sports team]--> Vestel Manisaspor --[home venue]--> Manisa 19 Mayis Stadium
pattern_c_team_home_venue,What is the home venue of the team of i̇hsan poyraz?,Manisa 19 Mayis Stadium,Q1248863,i̇hsan poyraz,Q128148,Vestel Manisaspor,Q1507977,Manisa 19 Mayis Stadium,i̇hsan poyraz --[member of sports team]--> Vestel Manisaspor --[home venue]--> Manisa 19 Mayis Stadium
pattern_c_team_home_venue,What is the home venue of the team of Semavi Özgür?,Manisa 19 Mayis Stadium,Q1251405,Semavi Özgür,Q128148,Vestel Manisaspor,Q1507977,Manisa 19 Mayis Stadium,Semavi Özgür --[member of sports team]--> Vestel Manisaspor --[home venue]--> Manisa 19 Mayis Stadium
pattern_c_team_home_venue,What is the home venue of the team of gokhan emreciksin?,Manisa 19 Mayis Stadium,Q1253508,gokhan emreciksin,Q128148,Vestel Manisaspor,Q1507977,Manisa 19 Mayis Stadium,gokhan emreciksin --[member of sports team]--> Vestel Manisaspor --[home venue]--> Manisa 19 Mayis Stadium
pattern_c_team_home_venue,What is the home venue of the team of umut sozen?,Manisa 19 Mayis Stadium,Q1293904,umut sozen,Q128148,Vestel Manisaspor,Q1507977,Manisa 19 Mayis Stadium,umut sozen --[member of sports team]--> Vestel Manisaspor --[home venue]--> Manisa 19 Mayis Stadium
pattern_c_team_home_venue,What is the home venue of the team of Fevzi Tuncay?,Manisa 19 Mayis Stadium,Q1343408,Fevzi Tuncay,Q128148,Vestel Manisaspor,Q1507977,Manisa 19 Mayis Stadium,Fevzi Tuncay --[member of sports team]--> Vestel Manisaspor --[home venue]--> Manisa 19 Mayis Stadium
pattern_c_team_home_venue,What is the home venue of the team of eray ataseven?,Manisa 19 Mayis Stadium,Q1348172,eray ataseven,Q128148,Vestel Manisaspor,Q1507977,Manisa 19 Mayis Stadium,eray ataseven --[member of sports team]--> Vestel Manisaspor --[home venue]--> Manisa 19 Mayis Stadium
pattern_c_team_home_venue,What is the home venue of the team of Eren Aydin?,Manisa 19 Mayis Stadium,Q1349995,Eren Aydin,Q128148,Vestel Manisaspor,Q1507977,Manisa 19 Mayis Stadium,Eren Aydin --[member of sports team]--> Vestel Manisaspor --[home venue]--> Manisa 19 Mayis Stadium
pattern_c_team_home_venue,What is the home venue of the team of Ergin Keles?,Manisa 19 Mayis Stadium,Q1350603,Ergin Keles,Q128148,Vestel Manisaspor,Q1507977,Manisa 19 Mayis Stadium,Ergin Keles --[member of sports team]--> Vestel Manisaspor --[home venue]--> Manisa 19 Mayis Stadium
pattern_c_team_home_venue,What is the home venue of the team of hikmet balioğlu?,Manisa 19 Mayis Stadium,Q1368791,hikmet balioğlu,Q128148,Vestel Manisaspor,Q1507977,Manisa 19 Mayis Stadium,hikmet balioğlu --[member of sports team]--> Vestel Manisaspor --[home venue]--> Manisa 19 Mayis Stadium
pattern_c_team_home_venue,What is the home venue of the team of yaser yildiz?,Manisa 19 Mayis Stadium,Q1383556,yaser yildiz,Q128148,Vestel Manisaspor,Q1507977,Manisa 19 Mayis Stadium,yaser yildiz --[member of sports team]--> Vestel Manisaspor --[home venue]--> Manisa 19 Mayis Stadium
pattern_c_team_home_venue,What is the home venue of the team of Sinan Kaloglu?,Manisa 19 Mayis Stadium,Q1396846,Sinan Kaloglu,Q128148,Vestel Manisaspor,Q1507977,Manisa 19 Mayis Stadium,Sinan Kaloglu --[member of sports team]--> Vestel Manisaspor --[home venue]--> Manisa 19 Mayis Stadium
pattern_c_team_home_venue,What is the home venue of the team of Fatih Yilmaz?,Manisa 19 Mayis Stadium,Q1398115,Fatih Yilmaz,Q128148,Vestel Manisaspor,Q1507977,Manisa 19 Mayis Stadium,Fatih Yilmaz --[member of sports team]--> Vestel Manisaspor --[home venue]--> Manisa 19 Mayis Stadium
pattern_c_team_home_venue,What is the home venue of the team of tolga doğantez?,Manisa 19 Mayis Stadium,Q1457850,tolga doğantez,Q128148,Vestel Manisaspor,Q1507977,Manisa 19 Mayis Stadium,tolga doğantez --[member of sports team]--> Vestel Manisaspor --[home venue]--> Manisa 19 Mayis Stadium
pattern_c_team_home_venue,What is the home venue of the team of Onur Karakabak?,Manisa 19 Mayis Stadium,Q1471939,Onur Karakabak,Q128148,Vestel Manisaspor,Q1507977,Manisa 19 Mayis Stadium,Onur Karakabak --[member of sports team]--> Vestel Manisaspor --[home venue]--> Manisa 19 Mayis Stadium
pattern_c_team_home_venue,What is the home venue of the team of oguzhan kayar?,Manisa 19 Mayis Stadium,Q15076827,oguzhan kayar,Q128148,Vestel Manisaspor,Q1507977,Manisa 19 Mayis Stadium,oguzhan kayar --[member of sports team]--> Vestel Manisaspor --[home venue]--> Manisa 19 Mayis Stadium
pattern_c_team_home_venue,What is the home venue of the team of güven varol?,Manisa 19 Mayis Stadium,Q1562318,güven varol,Q128148,Vestel Manisaspor,Q1507977,Manisa 19 Mayis Stadium,güven varol --[member of sports team]--> Vestel Manisaspor --[home venue]--> Manisa 19 Mayis Stadium
pattern_c_team_home_venue,What is the home venue of the team of hakan turan?,Manisa 19 Mayis Stadium,Q1569846,hakan turan,Q128148,Vestel Manisaspor,Q1507977,Manisa 19 Mayis Stadium,hakan turan --[member of sports team]--> Vestel Manisaspor --[home venue]--> Manisa 19 Mayis Stadium
pattern_c_team_home_venue,What is the home venue of the team of Mahmut Yilmaz?,Manisa 19 Mayis Stadium,Q1573871,Mahmut Yilmaz,Q128148,Vestel Manisaspor,Q1507977,Manisa 19 Mayis Stadium,Mahmut Yilmaz --[member of sports team]--> Vestel Manisaspor --[home venue]--> Manisa 19 Mayis Stadium
pattern_c_team_home_venue,What is the home venue of the team of ahmet aras?,Manisa 19 Mayis Stadium,Q15781883,ahmet aras,Q128148,Vestel Manisaspor,Q1507977,Manisa 19 Mayis Stadium,ahmet aras --[member of sports team]--> Vestel Manisaspor --[home venue]--> Manisa 19 Mayis Stadium
pattern_c_team_home_venue,What is the home venue of the team of Canberk Dilaver?,Manisa 19 Mayis Stadium,Q15790897,Canberk Dilaver,Q128148,Vestel Manisaspor,Q1507977,Manisa 19 Mayis Stadium,Canberk Dilaver --[member of sports team]--> Vestel Manisaspor --[home venue]--> Manisa 19 Mayis Stadium
pattern_c_team_home_venue,What is the home venue of the team of Huseyin Tok?,Manisa 19 Mayis Stadium,Q1652491,Huseyin Tok,Q128148,Vestel Manisaspor,Q1507977,Manisa 19 Mayis Stadium,Huseyin Tok --[member of sports team]--> Vestel Manisaspor --[home venue]--> Manisa 19 Mayis Stadium
pattern_c_team_home_venue,What is the home venue of the team of huseyin yogurtcu?,Manisa 19 Mayis Stadium,Q1652495,huseyin yogurtcu,Q128148,Vestel Manisaspor,Q1507977,Manisa 19 Mayis Stadium,huseyin yogurtcu --[member of sports team]--> Vestel Manisaspor --[home venue]--> Manisa 19 Mayis Stadium
pattern_c_team_home_venue,What is the home venue of the team of yilmaz ozlem?,Manisa 19 Mayis Stadium,Q1717999,yilmaz ozlem,Q128148,Vestel Manisaspor,Q1507977,Manisa 19 Mayis Stadium,yilmaz ozlem --[member of sports team]--> Vestel Manisaspor --[home venue]--> Manisa 19 Mayis Stadium
pattern_c_team_home_venue,What is the home venue of the team of metin aslan?,Manisa 19 Mayis Stadium,Q1721050,metin aslan,Q128148,Vestel Manisaspor,Q1507977,Manisa 19 Mayis Stadium,metin aslan --[member of sports team]--> Vestel Manisaspor --[home venue]--> Manisa 19 Mayis Stadium
pattern_c_team_home_venue,What is the home venue of the team of Kemal Okyay?,Manisa 19 Mayis Stadium,Q1738452,Kemal Okyay,Q128148,Vestel Manisaspor,Q1507977,Manisa 19 Mayis Stadium,Kemal Okyay --[member of sports team]--> Vestel Manisaspor --[home venue]--> Manisa 19 Mayis Stadium
pattern_c_team_home_venue,What is the home venue of the team of Vedat İnceefe?,Manisa 19 Mayis Stadium,Q178545,Vedat İnceefe,Q128148,Vestel Manisaspor,Q1507977,Manisa 19 Mayis Stadium,Vedat İnceefe --[member of sports team]--> Vestel Manisaspor --[home venue]--> Manisa 19 Mayis Stadium
pattern_c_team_home_venue,What is the home venue of the team of burak yilmaz?,Manisa 19 Mayis Stadium,Q18765,burak yilmaz,Q128148,Vestel Manisaspor,Q1507977,Manisa 19 Mayis Stadium,burak yilmaz --[member of sports team]--> Vestel Manisaspor --[home venue]--> Manisa 19 Mayis Stadium
pattern_c_team_home_venue,What is the home venue of the team of Murat Erdoğan?,Manisa 19 Mayis Stadium,Q1953539,Murat Erdoğan,Q128148,Vestel Manisaspor,Q1507977,Manisa 19 Mayis Stadium,Murat Erdoğan --[member of sports team]--> Vestel Manisaspor --[home venue]--> Manisa 19 Mayis Stadium
pattern_c_team_home_venue,What is the home venue of the team of Mustafa Asan?,Manisa 19 Mayis Stadium,Q1955517,Mustafa Asan,Q128148,Vestel Manisaspor,Q1507977,Manisa 19 Mayis Stadium,Mustafa Asan --[member of sports team]--> Vestel Manisaspor --[home venue]--> Manisa 19 Mayis Stadium
pattern_c_team_home_venue,What is the home venue of the team of okan koc?,Manisa 19 Mayis Stadium,Q2017091,okan koc,Q128148,Vestel Manisaspor,Q1507977,Manisa 19 Mayis Stadium,okan koc --[member of sports team]--> Vestel Manisaspor --[home venue]--> Manisa 19 Mayis Stadium
pattern_c_team_home_venue,What is the home venue of the team of volkan babacan?,Manisa 19 Mayis Stadium,Q2037568,volkan babacan,Q128148,Vestel Manisaspor,Q1507977,Manisa 19 Mayis Stadium,volkan babacan --[member of sports team]--> Vestel Manisaspor --[home venue]--> Manisa 19 Mayis Stadium
pattern_c_team_home_venue,What is the home venue of the team of sanver goymen?,Manisa 19 Mayis Stadium,Q2085285,sanver goymen,Q128148,Vestel Manisaspor,Q1507977,Manisa 19 Mayis Stadium,sanver goymen --[member of sports team]--> Vestel Manisaspor --[home venue]--> Manisa 19 Mayis Stadium
pattern_c_team_home_venue,What is the home venue of the team of serkan ozsoy?,Manisa 19 Mayis Stadium,Q2273768,serkan ozsoy,Q128148,Vestel Manisaspor,Q1507977,Manisa 19 Mayis Stadium,serkan ozsoy --[member of sports team]--> Vestel Manisaspor --[home venue]--> Manisa 19 Mayis Stadium
pattern_c_team_home_venue,What is the home venue of the team of Ufukhan Bayraktar?,Manisa 19 Mayis Stadium,Q2473840,Ufukhan Bayraktar,Q128148,Vestel Manisaspor,Q1507977,Manisa 19 Mayis Stadium,Ufukhan Bayraktar --[member of sports team]--> Vestel Manisaspor --[home venue]--> Manisa 19 Mayis Stadium
pattern_c_team_home_venue,What is the home venue of the team of murat gürbüzerol?,Manisa 19 Mayis Stadium,Q264106,murat gürbüzerol,Q128148,Vestel Manisaspor,Q1507977,Manisa 19 Mayis Stadium,murat gürbüzerol --[member of sports team]--> Vestel Manisaspor --[home venue]--> Manisa 19 Mayis Stadium
pattern_c_team_home_venue,What is the home venue of the team of Cagdas Atan?,Manisa 19 Mayis Stadium,Q272727,Cagdas Atan,Q128148,Vestel Manisaspor,Q1507977,Manisa 19 Mayis Stadium,Cagdas Atan --[member of sports team]--> Vestel Manisaspor --[home venue]--> Manisa 19 Mayis Stadium
pattern_c_team_home_venue,What is the home venue of the team of Mehmet Nas?,Manisa 19 Mayis Stadium,Q277944,Mehmet Nas,Q128148,Vestel Manisaspor,Q1507977,Manisa 19 Mayis Stadium,Mehmet Nas --[member of sports team]--> Vestel Manisaspor --[home venue]--> Manisa 19 Mayis Stadium
pattern_c_team_home_venue,What is the home venue of the team of Hasan Ali Durtuluk?,Manisa 19 Mayis Stadium,Q283012,Hasan Ali Durtuluk,Q128148,Vestel Manisaspor,Q1507977,Manisa 19 Mayis Stadium,Hasan Ali Durtuluk --[member of sports team]--> Vestel Manisaspor --[home venue]--> Manisa 19 Mayis Stadium
pattern_c_team_home_venue,What is the home venue of the team of Ersan Gueluem?,Manisa 19 Mayis Stadium,Q283737,Ersan Gueluem,Q128148,Vestel Manisaspor,Q1507977,Manisa 19 Mayis Stadium,Ersan Gueluem --[member of sports team]--> Vestel Manisaspor --[home venue]--> Manisa 19 Mayis Stadium
pattern_c_team_home_venue,What is the home venue of the team of ömer aysan barış?,Manisa 19 Mayis Stadium,Q297449,ömer aysan barış,Q128148,Vestel Manisaspor,Q1507977,Manisa 19 Mayis Stadium,ömer aysan barış --[member of sports team]--> Vestel Manisaspor --[home venue]--> Manisa 19 Mayis Stadium
pattern_c_team_home_venue,What is the home venue of the team of hakan kadir balta?,Manisa 19 Mayis Stadium,Q31564,hakan kadir balta,Q128148,Vestel Manisaspor,Q1507977,Manisa 19 Mayis Stadium,hakan kadir balta --[member of sports team]--> Vestel Manisaspor --[home venue]--> Manisa 19 Mayis Stadium
pattern_c_team_home_venue,What is the home venue of the team of Nizamettin Caliskan?,Manisa 19 Mayis Stadium,Q317318,Nizamettin Caliskan,Q128148,Vestel Manisaspor,Q1507977,Manisa 19 Mayis Stadium,Nizamettin Caliskan --[member of sports team]--> Vestel Manisaspor --[home venue]--> Manisa 19 Mayis Stadium
pattern_c_team_home_venue,What is the home venue of the team of Abdulkadir Özgen?,Manisa 19 Mayis Stadium,Q317518,Abdulkadir Özgen,Q128148,Vestel Manisaspor,Q1507977,Manisa 19 Mayis Stadium,Abdulkadir Özgen --[member of sports team]--> Vestel Manisaspor --[home venue]--> Manisa 19 Mayis Stadium
pattern_c_team_home_venue,What is the home venue of the team of Muhammed Akaguenduez?,Manisa 19 Mayis Stadium,Q323933,Muhammed Akaguenduez,Q128148,Vestel Manisaspor,Q1507977,Manisa 19 Mayis Stadium,Muhammed Akaguenduez --[member of sports team]--> Vestel Manisaspor --[home venue]--> Manisa 19 Mayis Stadium
pattern_c_team_home_venue,What is the home venue of the team of Koray Avci?,Manisa 19 Mayis Stadium,Q326854,Koray Avci,Q128148,Vestel Manisaspor,Q1507977,Manisa 19 Mayis Stadium,Koray Avci --[member of sports team]--> Vestel Manisaspor --[home venue]--> Manisa 19 Mayis Stadium
pattern_c_team_home_venue,What is the home venue of the team of murat tosun?,Manisa 19 Mayis Stadium,Q327428,murat tosun,Q128148,Vestel Manisaspor,Q1507977,Manisa 19 Mayis Stadium,murat tosun --[member of sports team]--> Vestel Manisaspor --[home venue]--> Manisa 19 Mayis Stadium
pattern_c_team_home_venue,What is the home venue of the team of Celaleddin Koçak?,Manisa 19 Mayis Stadium,Q327709,Celaleddin Koçak,Q128148,Vestel Manisaspor,Q1507977,Manisa 19 Mayis Stadium,Celaleddin Koçak --[member of sports team]--> Vestel Manisaspor --[home venue]--> Manisa 19 Mayis Stadium
pattern_c_team_home_venue,What is the home venue of the team of Mustafa Kocabey?,Manisa 19 Mayis Stadium,Q3328883,Mustafa Kocabey,Q128148,Vestel Manisaspor,Q1507977,Manisa 19 Mayis Stadium,Mustafa Kocabey --[member of sports team]--> Vestel Manisaspor --[home venue]--> Manisa 19 Mayis Stadium
pattern_c_team_home_venue,What is the home venue of the team of İlker Avcıbay?,Manisa 19 Mayis Stadium,Q343801,İlker Avcıbay,Q128148,Vestel Manisaspor,Q1507977,Manisa 19 Mayis Stadium,İlker Avcıbay --[member of sports team]--> Vestel Manisaspor --[home venue]--> Manisa 19 Mayis Stadium
pattern_c_team_home_venue,What is the home venue of the team of Tayfun Cora?,Manisa 19 Mayis Stadium,Q352891,Tayfun Cora,Q128148,Vestel Manisaspor,Q1507977,Manisa 19 Mayis Stadium,Tayfun Cora --[member of sports team]--> Vestel Manisaspor --[home venue]--> Manisa 19 Mayis Stadium
pattern_c_team_home_venue,What is the home venue of the team of adem buyuk?,Manisa 19 Mayis Stadium,Q355638,adem buyuk,Q128148,Vestel Manisaspor,Q1507977,Manisa 19 Mayis Stadium,adem buyuk --[member of sports team]--> Vestel Manisaspor --[home venue]--> Manisa 19 Mayis Stadium
pattern_c_team_home_venue,What is the home venue of the team of Naci Şensoy?,Manisa 19 Mayis Stadium,Q3622719,Naci Şensoy,Q128148,Vestel Manisaspor,Q1507977,Manisa 19 Mayis Stadium,Naci Şensoy --[member of sports team]--> Vestel Manisaspor --[home venue]--> Manisa 19 Mayis Stadium
pattern_c_team_home_venue,What is the home venue of the team of ahmet i̇lhan ozek?,Manisa 19 Mayis Stadium,Q402011,ahmet i̇lhan ozek,Q128148,Vestel Manisaspor,Q1507977,Manisa 19 Mayis Stadium,ahmet i̇lhan ozek --[member of sports team]--> Vestel Manisaspor --[home venue]--> Manisa 19 Mayis Stadium
pattern_c_team_home_venue,What is the home venue of the team of mustafa sarp?,Manisa 19 Mayis Stadium,Q426881,mustafa sarp,Q128148,Vestel Manisaspor,Q1507977,Manisa 19 Mayis Stadium,mustafa sarp --[member of sports team]--> Vestel Manisaspor --[home venue]--> Manisa 19 Mayis Stadium
pattern_c_team_home_venue,What is the home venue of the team of Recep Biler?,Manisa 19 Mayis Stadium,Q434163,Recep Biler,Q128148,Vestel Manisaspor,Q1507977,Manisa 19 Mayis Stadium,Recep Biler --[member of sports team]--> Vestel Manisaspor --[home venue]--> Manisa 19 Mayis Stadium
pattern_c_team_home_venue,What is the home venue of the team of sezer badur?,Manisa 19 Mayis Stadium,Q479643,sezer badur,Q128148,Vestel Manisaspor,Q1507977,Manisa 19 Mayis Stadium,sezer badur --[member of sports team]--> Vestel Manisaspor --[home venue]--> Manisa 19 Mayis Stadium
pattern_c_team_home_venue,What is the home venue of the team of turan arda?,Manisa 19 Mayis Stadium,Q487459,turan arda,Q128148,Vestel Manisaspor,Q1507977,Manisa 19 Mayis Stadium,turan arda --[member of sports team]--> Vestel Manisaspor --[home venue]--> Manisa 19 Mayis Stadium
pattern_c_team_home_venue,What is the home venue of the team of birol aksancak?,Manisa 19 Mayis Stadium,Q4916923,birol aksancak,Q128148,Vestel Manisaspor,Q1507977,Manisa 19 Mayis Stadium,birol aksancak --[member of sports team]--> Vestel Manisaspor --[home venue]--> Manisa 19 Mayis Stadium
pattern_c_team_home_venue,What is the home venue of the team of Bulent Ataman?,Manisa 19 Mayis Stadium,Q5005275,Bulent Ataman,Q128148,Vestel Manisaspor,Q1507977,Manisa 19 Mayis Stadium,Bulent Ataman --[member of sports team]--> Vestel Manisaspor --[home venue]--> Manisa 19 Mayis Stadium
pattern_c_team_home_venue,What is the home venue of the team of Coskun Birdal?,Manisa 19 Mayis Stadium,Q5180176,Coskun Birdal,Q128148,Vestel Manisaspor,Q1507977,Manisa 19 Mayis Stadium,Coskun Birdal --[member of sports team]--> Vestel Manisaspor --[home venue]--> Manisa 19 Mayis Stadium
pattern_c_team_home_venue,What is the home venue of the team of Yiğit İsmail Gökoğlan?,Manisa 19 Mayis Stadium,Q522688,Yiğit İsmail Gökoğlan,Q128148,Vestel Manisaspor,Q1507977,Manisa 19 Mayis Stadium,Yiğit İsmail Gökoğlan --[member of sports team]--> Vestel Manisaspor --[home venue]--> Manisa 19 Mayis Stadium
pattern_c_team_home_venue,What is the home venue of the team of yigit incedemir?,Manisa 19 Mayis Stadium,Q522718,yigit incedemir,Q128148,Vestel Manisaspor,Q1507977,Manisa 19 Mayis Stadium,yigit incedemir --[member of sports team]--> Vestel Manisaspor --[home venue]--> Manisa 19 Mayis Stadium
pattern_c_team_home_venue,What is the home venue of the team of bülent ertuğrul?,Manisa 19 Mayis Stadium,Q526631,bülent ertuğrul,Q128148,Vestel Manisaspor,Q1507977,Manisa 19 Mayis Stadium,bülent ertuğrul --[member of sports team]--> Vestel Manisaspor --[home venue]--> Manisa 19 Mayis Stadium
pattern_c_team_home_venue,What is the home venue of the team of Erman Güraçar?,Manisa 19 Mayis Stadium,Q5389872,Erman Güraçar,Q128148,Vestel Manisaspor,Q1507977,Manisa 19 Mayis Stadium,Erman Güraçar --[member of sports team]--> Vestel Manisaspor --[home venue]--> Manisa 19 Mayis Stadium
pattern_c_team_home_venue,What is the home venue of the team of fatih egedik?,Manisa 19 Mayis Stadium,Q5437785,fatih egedik,Q128148,Vestel Manisaspor,Q1507977,Manisa 19 Mayis Stadium,fatih egedik --[member of sports team]--> Vestel Manisaspor --[home venue]--> Manisa 19 Mayis Stadium
pattern_c_team_home_venue,What is the home venue of the team of sinan ozkan?,Manisa 19 Mayis Stadium,Q550789,sinan ozkan,Q128148,Vestel Manisaspor,Q1507977,Manisa 19 Mayis Stadium,sinan ozkan --[member of sports team]--> Vestel Manisaspor --[home venue]--> Manisa 19 Mayis Stadium
pattern_c_team_home_venue,What is the home venue of the team of Savas Yilmaz?,Manisa 19 Mayis Stadium,Q554088,Savas Yilmaz,Q128148,Vestel Manisaspor,Q1507977,Manisa 19 Mayis Stadium,Savas Yilmaz --[member of sports team]--> Vestel Manisaspor --[home venue]--> Manisa 19 Mayis Stadium
pattern_c_team_home_venue,What is the home venue of the team of Gurkan Ekren?,Manisa 19 Mayis Stadium,Q5627138,Gurkan Ekren,Q128148,Vestel Manisaspor,Q1507977,Manisa 19 Mayis Stadium,Gurkan Ekren --[member of sports team]--> Vestel Manisaspor --[home venue]--> Manisa 19 Mayis Stadium
pattern_c_team_home_venue,What is the home venue of the team of sezer öztürk?,Manisa 19 Mayis Stadium,Q565412,sezer öztürk,Q128148,Vestel Manisaspor,Q1507977,Manisa 19 Mayis Stadium,sezer öztürk --[member of sports team]--> Vestel Manisaspor --[home venue]--> Manisa 19 Mayis Stadium
pattern_c_team_home_venue,What is the home venue of the team of Hasan Ahmet Sari?,Manisa 19 Mayis Stadium,Q5678101,Hasan Ahmet Sari,Q128148,Vestel Manisaspor,Q1507977,Manisa 19 Mayis Stadium,Hasan Ahmet Sari --[member of sports team]--> Vestel Manisaspor --[home venue]--> Manisa 19 Mayis Stadium
pattern_c_team_home_venue,What is the home venue of the team of Metin Akan?,Manisa 19 Mayis Stadium,Q587385,Metin Akan,Q128148,Vestel Manisaspor,Q1507977,Manisa 19 Mayis Stadium,Metin Akan --[member of sports team]--> Vestel Manisaspor --[home venue]--> Manisa 19 Mayis Stadium
pattern_c_team_home_venue,What is the home venue of the team of Anil Karaer?,Manisa 19 Mayis Stadium,Q615362,Anil Karaer,Q128148,Vestel Manisaspor,Q1507977,Manisa 19 Mayis Stadium,Anil Karaer --[member of sports team]--> Vestel Manisaspor --[home venue]--> Manisa 19 Mayis Stadium
pattern_c_team_home_venue,What is the home venue of the team of mertan caner ozturk?,Manisa 19 Mayis Stadium,Q6820644,mertan caner ozturk,Q128148,Vestel Manisaspor,Q1507977,Manisa 19 Mayis Stadium,mertan caner ozturk --[member of sports team]--> Vestel Manisaspor --[home venue]--> Manisa 19 Mayis Stadium
pattern_c_team_home_venue,What is the home venue of the team of Ferhat Coekmues?,Manisa 19 Mayis Stadium,Q692000,Ferhat Coekmues,Q128148,Vestel Manisaspor,Q1507977,Manisa 19 Mayis Stadium,Ferhat Coekmues --[member of sports team]--> Vestel Manisaspor --[home venue]--> Manisa 19 Mayis Stadium
pattern_c_team_home_venue,What is the home venue of the team of murat karakoc?,Manisa 19 Mayis Stadium,Q6937410,murat karakoc,Q128148,Vestel Manisaspor,Q1507977,Manisa 19 Mayis Stadium,murat karakoc --[member of sports team]--> Vestel Manisaspor --[home venue]--> Manisa 19 Mayis Stadium
pattern_c_team_home_venue,What is the home venue of the team of Oktay Kuday?,Manisa 19 Mayis Stadium,Q7082662,Oktay Kuday,Q128148,Vestel Manisaspor,Q1507977,Manisa 19 Mayis Stadium,Oktay Kuday --[member of sports team]--> Vestel Manisaspor --[home venue]--> Manisa 19 Mayis Stadium
pattern_c_team_home_venue,What is the home venue of the team of Ugur Inceman?,Manisa 19 Mayis Stadium,Q71403,Ugur Inceman,Q128148,Vestel Manisaspor,Q1507977,Manisa 19 Mayis Stadium,Ugur Inceman --[member of sports team]--> Vestel Manisaspor --[home venue]--> Manisa 19 Mayis Stadium
pattern_c_team_home_venue,What is the home venue of the team of yalçin ayhan?,Manisa 19 Mayis Stadium,Q727569,yalçin ayhan,Q128148,Vestel Manisaspor,Q1507977,Manisa 19 Mayis Stadium,yalçin ayhan --[member of sports team]--> Vestel Manisaspor --[home venue]--> Manisa 19 Mayis Stadium
pattern_c_team_home_venue,What is the home venue of the team of Oguz Sabankay?,Manisa 19 Mayis Stadium,Q740321,Oguz Sabankay,Q128148,Vestel Manisaspor,Q1507977,Manisa 19 Mayis Stadium,Oguz Sabankay --[member of sports team]--> Vestel Manisaspor --[home venue]--> Manisa 19 Mayis Stadium
pattern_c_team_home_venue,What is the home venue of the team of Aydin Yilmaz?,Manisa 19 Mayis Stadium,Q792898,Aydin Yilmaz,Q128148,Vestel Manisaspor,Q1507977,Manisa 19 Mayis Stadium,Aydin Yilmaz --[member of sports team]--> Vestel Manisaspor --[home venue]--> Manisa 19 Mayis Stadium
pattern_c_team_home_venue,What is the home venue of the team of bahattin köse?,Manisa 19 Mayis Stadium,Q800230,bahattin köse,Q128148,Vestel Manisaspor,Q1507977,Manisa 19 Mayis Stadium,bahattin köse --[member of sports team]--> Vestel Manisaspor --[home venue]--> Manisa 19 Mayis Stadium
pattern_c_team_home_venue,What is the home venue of the team of zafer şakar?,Manisa 19 Mayis Stadium,Q8064289,zafer şakar,Q128148,Vestel Manisaspor,Q1507977,Manisa 19 Mayis Stadium,zafer şakar --[member of sports team]--> Vestel Manisaspor --[home venue]--> Manisa 19 Mayis Stadium
pattern_c_team_home_venue,What is the home venue of the team of Barbaros Barut?,Manisa 19 Mayis Stadium,Q807762,Barbaros Barut,Q128148,Vestel Manisaspor,Q1507977,Manisa 19 Mayis Stadium,Barbaros Barut --[member of sports team]--> Vestel Manisaspor --[home venue]--> Manisa 19 Mayis Stadium
pattern_c_team_home_venue,What is the home venue of the team of ümit bozkurt?,Manisa 19 Mayis Stadium,Q8079469,ümit bozkurt,Q128148,Vestel Manisaspor,Q1507977,Manisa 19 Mayis Stadium,ümit bozkurt --[member of sports team]--> Vestel Manisaspor --[home venue]--> Manisa 19 Mayis Stadium
pattern_c_team_home_venue,What is the home venue of the team of İsmail Köse?,Manisa 19 Mayis Stadium,Q8080211,İsmail Köse,Q128148,Vestel Manisaspor,Q1507977,Manisa 19 Mayis Stadium,İsmail Köse --[member of sports team]--> Vestel Manisaspor --[home venue]--> Manisa 19 Mayis Stadium
pattern_c_team_home_venue,What is the home venue of the team of izzet kaya?,Manisa 19 Mayis Stadium,Q8080277,izzet kaya,Q128148,Vestel Manisaspor,Q1507977,Manisa 19 Mayis Stadium,izzet kaya --[member of sports team]--> Vestel Manisaspor --[home venue]--> Manisa 19 Mayis Stadium
pattern_c_team_home_venue,What is the home venue of the team of Bayram Olgun?,Manisa 19 Mayis Stadium,Q812592,Bayram Olgun,Q128148,Vestel Manisaspor,Q1507977,Manisa 19 Mayis Stadium,Bayram Olgun --[member of sports team]--> Vestel Manisaspor --[home venue]--> Manisa 19 Mayis Stadium
pattern_c_team_home_venue,What is the home venue of the team of bekir yilmaz?,Manisa 19 Mayis Stadium,Q815029,bekir yilmaz,Q128148,Vestel Manisaspor,Q1507977,Manisa 19 Mayis Stadium,bekir yilmaz --[member of sports team]--> Vestel Manisaspor --[home venue]--> Manisa 19 Mayis Stadium
pattern_c_team_home_venue,What is the home venue of the team of benjamin fuchs?,Manisa 19 Mayis Stadium,Q817497,benjamin fuchs,Q128148,Vestel Manisaspor,Q1507977,Manisa 19 Mayis Stadium,benjamin fuchs --[member of sports team]--> Vestel Manisaspor --[home venue]--> Manisa 19 Mayis Stadium
pattern_c_team_home_venue,What is the home venue of the team of ersen martin?,Manisa 19 Mayis Stadium,Q819597,ersen martin,Q128148,Vestel Manisaspor,Q1507977,Manisa 19 Mayis Stadium,ersen martin --[member of sports team]--> Vestel Manisaspor --[home venue]--> Manisa 19 Mayis Stadium
pattern_c_team_home_venue,What is the home venue of the team of Dilaver Güçlü?,Manisa 19 Mayis Stadium,Q820135,Dilaver Güçlü,Q128148,Vestel Manisaspor,Q1507977,Manisa 19 Mayis Stadium,Dilaver Güçlü --[member of sports team]--> Vestel Manisaspor --[home venue]--> Manisa 19 Mayis Stadium
pattern_c_team_home_venue,What is the home venue of the team of berk neziroğluları?,Manisa 19 Mayis Stadium,Q820773,berk neziroğluları,Q128148,Vestel Manisaspor,Q1507977,Manisa 19 Mayis Stadium,berk neziroğluları --[member of sports team]--> Vestel Manisaspor --[home venue]--> Manisa 19 Mayis Stadium
pattern_c_team_home_venue,What is the home venue of the team of cenk isler?,Manisa 19 Mayis Stadium,Q824590,cenk isler,Q128148,Vestel Manisaspor,Q1507977,Manisa 19 Mayis Stadium,cenk isler --[member of sports team]--> Vestel Manisaspor --[home venue]--> Manisa 19 Mayis Stadium
pattern_c_team_home_venue,What is the home venue of the team of sercan bilinç güvenışık?,Manisa 19 Mayis Stadium,Q877394,sercan bilinç güvenışık,Q128148,Vestel Manisaspor,Q1507977,Manisa 19 Mayis Stadium,sercan bilinç güvenışık --[member of sports team]--> Vestel Manisaspor --[home venue]--> Manisa 19 Mayis Stadium
